Customer_ID,Age,Tenure_Months,Monthly_Spend,Purchase_Frequency,Engagement_Score,Service_Inquiries,Learning_Interest,Avg_Session_Minutes
CUST_0001,56,18,6271.77,19,20.11,5,96.76,121.03
CUST_0002,46,49,2821.35,10,10.23,1,44.58,134.83
CUST_0003,32,39,5233.35,10,67.42,0,13.51,153.47
CUST_0004,60,32,3638.31,11,56.37,9,12.79,78.96
CUST_0005,25,24,9370.07,7,63.42,4,44.92,58.01
CUST_0006,38,23,571.58,18,81.44,4,24.4,61.93
CUST_0007,56,32,2640.66,4,68.19,1,12.1,129.71
CUST_0008,36,37,3970.89,2,25.73,5,78.06,147.94
CUST_0009,40,12,5134.19,14,42.47,8,51.27,36.78
CUST_0010,28,49,8582.77,13,91.53,1,36.03,69.91
CUST_0011,28,55,1334.93,12,79.3,9,91.01,162.84
CUST_0012,41,13,8155.72,7,60.1,1,20.45,146.17
CUST_0013,53,23,1028.71,2,33.01,2,96.03,177.35
CUST_0014,57,25,8501.98,13,37.19,6,38.26,136.99
CUST_0015,41,35,990.54,14,75.88,5,89.96,73.81
CUST_0016,20,41,673.3,17,86.61,7,64.26,108.36
CUST_0017,39,30,7121.13,9,70.43,7,84.4,120.68
CUST_0018,19,17,9973.93,17,82.86,5,98.56,18.73
CUST_0019,41,49,9017.8,8,79.0,10,35.96,100.29
CUST_0020,47,20,5971.98,2,23.47,9,96.5,129.13
CUST_0021,55,48,9215.26,13,48.16,2,45.05,34.28
CUST_0022,19,25,550.35,3,23.77,2,44.7,141.61
CUST_0023,38,22,9763.14,16,31.17,0,40.63,107.16
CUST_0024,50,13,5162.11,6,88.23,6,58.73,171.64
CUST_0025,29,59,7367.51,19,52.56,4,23.87,12.42
CUST_0026,39,19,8298.18,7,58.18,3,59.83,51.43
CUST_0027,42,49,7325.34,10,26.06,9,58.75,110.27
CUST_0028,44,36,5582.85,9,38.1,3,78.57,56.9
CUST_0029,59,12,5027.89,2,30.72,3,85.03,130.02
CUST_0030,45,41,8466.53,15,28.56,5,49.64,137.83
CUST_0031,33,19,2448.24,5,67.42,7,37.21,22.94
CUST_0032,32,12,9695.94,4,33.12,7,33.34,94.92
CUST_0033,20,9,7254.05,20,66.88,4,27.52,94.06
CUST_0034,54,7,2395.32,4,15.26,5,15.19,69.62
CUST_0035,24,28,7494.35,18,22.76,3,40.82,168.26
CUST_0036,38,14,5533.48,4,34.71,10,34.32,149.81
CUST_0037,26,31,7218.69,17,63.73,8,96.98,127.01
CUST_0038,56,52,7793.91,12,70.83,7,60.19,130.01
CUST_0039,35,19,1329.26,17,49.84,9,41.25,85.8
CUST_0040,21,58,5307.99,10,50.12,9,62.24,166.17
CUST_0041,42,47,9354.14,1,75.21,0,22.53,126.55
CUST_0042,31,16,3546.1,18,11.42,1,49.96,132.57
CUST_0043,26,53,6141.89,18,40.7,8,66.36,155.8
CUST_0044,43,5,4007.69,14,83.68,7,54.0,52.96
CUST_0045,19,35,4815.55,15,64.29,2,46.16,146.24
CUST_0046,37,12,5711.73,12,40.35,7,99.45,39.17
CUST_0047,45,25,5714.76,4,91.5,0,89.23,65.43
CUST_0048,24,52,2416.44,3,79.54,9,66.11,63.73
CUST_0049,25,59,7003.43,20,33.84,3,61.24,176.24
CUST_0050,52,21,1334.75,12,68.08,2,65.86,154.89
CUST_0051,31,36,1818.84,7,63.62,5,28.12,127.7
CUST_0052,34,53,525.75,11,46.11,6,45.56,132.23
CUST_0053,53,23,1608.61,1,43.03,3,13.55,103.36
CUST_0054,57,16,4995.08,6,40.92,6,52.8,170.74
CUST_0055,21,57,6257.97,15,65.54,8,58.87,91.85
CUST_0056,19,39,8045.75,15,49.82,10,30.5,71.59
CUST_0057,23,45,1513.64,19,84.87,1,96.76,33.53
CUST_0058,59,53,8581.91,11,70.26,10,91.85,142.59
CUST_0059,21,42,7586.76,2,16.29,2,74.99,133.53
CUST_0060,46,58,4380.92,14,67.62,4,58.0,72.26
CUST_0061,35,39,9362.91,2,34.4,2,88.3,9.41
CUST_0062,43,14,9913.83,4,63.35,10,21.76,151.82
CUST_0063,51,31,2447.52,17,71.21,7,81.15,7.0
CUST_0064,27,58,4102.67,3,30.77,9,21.23,128.15
CUST_0065,53,5,9301.27,13,51.12,7,81.48,174.79
CUST_0066,31,35,7355.17,9,27.13,7,34.82,81.59
CUST_0067,48,23,956.9,7,14.71,8,88.94,46.12
CUST_0068,32,29,7924.39,15,44.06,3,94.96,128.35
CUST_0069,25,43,8365.44,11,42.66,4,23.39,148.0
CUST_0070,31,11,7629.77,20,99.59,4,51.64,100.63
CUST_0071,40,18,8095.6,2,50.17,7,98.29,174.23
CUST_0072,57,47,8338.76,15,40.02,6,53.51,14.04
CUST_0073,38,12,2270.85,14,62.24,8,87.72,93.34
CUST_0074,33,9,2739.07,20,17.99,7,62.99,130.73
CUST_0075,35,10,6520.71,11,96.55,1,43.78,155.96
CUST_0076,41,58,9124.73,3,67.15,9,35.72,36.37
CUST_0077,43,44,3503.87,17,77.94,3,28.29,145.0
CUST_0078,42,17,6088.91,12,25.34,5,78.56,101.72
CUST_0079,58,38,6988.33,15,46.85,1,44.79,74.4
CUST_0080,46,7,4793.51,16,48.04,6,56.01,28.05
CUST_0081,32,46,7280.93,5,83.96,2,54.31,156.43
CUST_0082,18,13,9046.84,20,10.11,2,61.96,32.52
CUST_0083,42,40,6428.96,6,37.08,10,87.9,59.21
CUST_0084,24,42,5627.92,19,98.31,1,98.27,55.76
CUST_0085,26,9,4668.07,5,52.74,10,46.68,157.5
CUST_0086,41,50,5986.12,3,44.43,7,84.48,122.72
CUST_0087,18,27,3875.94,1,20.78,5,78.81,144.42
CUST_0088,25,58,4219.08,6,97.67,0,61.62,48.83
CUST_0089,41,2,5552.65,15,11.8,0,96.04,114.35
CUST_0090,28,5,1132.88,2,76.35,6,28.04,105.06
CUST_0091,34,29,2675.74,3,79.17,7,19.83,150.75
CUST_0092,25,37,5657.07,17,31.93,4,86.86,163.57
CUST_0093,52,38,4599.52,12,70.44,10,49.52,7.13
CUST_0094,52,19,3661.75,18,18.36,4,86.23,122.95
CUST_0095,50,8,7440.22,15,33.13,3,90.38,14.07
CUST_0096,22,48,7090.32,12,80.91,5,15.62,101.05
CUST_0097,59,45,2083.94,16,87.82,5,89.51,55.34
CUST_0098,56,1,8846.98,8,64.76,2,50.35,58.69
CUST_0099,58,22,5206.52,14,55.62,8,55.94,66.77
CUST_0100,45,52,7543.88,17,24.34,10,66.39,113.73
CUST_0101,24,17,5944.93,8,15.68,6,93.37,63.46
CUST_0102,26,7,9978.08,15,20.59,0,11.72,133.22
CUST_0103,25,25,7647.83,14,30.46,6,52.92,75.79
CUST_0104,29,45,7216.31,18,40.75,4,71.89,16.96
CUST_0105,51,4,7896.43,20,44.28,4,75.04,142.16
CUST_0106,50,36,1859.72,7,41.17,1,72.33,55.01
CUST_0107,40,6,2443.17,3,31.51,3,22.1,80.73
CUST_0108,41,60,7283.61,12,55.88,5,36.95,124.95
CUST_0109,54,31,5192.82,3,84.28,9,42.28,63.18
CUST_0110,52,19,7669.04,20,35.17,10,82.4,14.9
CUST_0111,57,44,1477.7,14,94.81,6,35.09,70.44
CUST_0112,39,54,5596.57,15,88.6,10,28.96,170.28
CUST_0113,44,39,4098.8,14,24.56,4,96.17,117.3
CUST_0114,52,27,4841.5,7,80.76,8,10.8,122.51
CUST_0115,18,10,6237.6,17,61.71,2,99.8,115.65
CUST_0116,52,26,5271.74,12,60.99,0,70.91,39.82
CUST_0117,54,19,5628.68,20,45.19,3,84.56,78.21
CUST_0118,31,39,5120.4,4,55.1,8,36.52,136.41
CUST_0119,20,3,4385.07,9,45.75,3,11.29,22.74
CUST_0120,18,45,7832.88,6,58.58,1,76.41,53.62
CUST_0121,22,13,615.93,16,66.52,9,85.07,53.36
CUST_0122,43,50,6185.21,2,70.69,4,76.64,80.6
CUST_0123,31,28,5872.33,8,57.92,2,22.86,176.56
CUST_0124,56,58,7303.7,11,74.93,8,77.81,16.81
CUST_0125,44,20,6190.78,13,22.72,3,79.2,95.77
CUST_0126,26,28,8354.59,17,29.08,5,69.27,36.39
CUST_0127,32,8,9611.21,8,83.69,1,78.95,174.87
CUST_0128,32,41,3753.98,18,39.03,5,86.13,24.83
CUST_0129,43,39,2659.83,18,12.06,2,65.22,75.63
CUST_0130,59,1,4524.17,14,23.84,8,17.97,134.13
CUST_0131,30,3,3235.33,15,30.13,10,53.89,128.3
CUST_0132,49,13,6342.03,6,96.16,1,16.99,78.98
CUST_0133,56,28,9162.6,11,61.57,8,46.68,65.64
CUST_0134,49,57,1821.6,13,93.95,4,46.64,74.58
CUST_0135,21,60,1457.55,1,61.76,7,15.94,51.25
CUST_0136,47,49,2932.15,6,53.14,1,41.39,40.93
CUST_0137,54,25,7397.91,9,38.24,5,19.99,89.53
CUST_0138,40,56,6133.15,8,64.57,2,82.74,51.99
CUST_0139,56,33,1471.02,11,22.53,9,95.29,55.31
CUST_0140,32,38,9228.13,19,90.84,4,16.51,119.93
CUST_0141,60,53,8005.8,9,84.64,7,95.96,174.49
CUST_0142,46,6,718.71,17,38.58,9,57.03,110.64
CUST_0143,53,58,6687.99,12,95.75,0,36.96,18.47
CUST_0144,30,44,7826.84,14,84.27,4,16.92,18.23
CUST_0145,49,45,4057.14,15,69.97,2,55.06,171.5
CUST_0146,24,32,1154.75,16,20.96,3,81.51,57.03
CUST_0147,39,45,1234.55,20,53.04,1,73.64,21.11
CUST_0148,45,47,1490.35,1,55.55,8,14.52,109.83
CUST_0149,19,21,8484.18,10,30.93,2,16.56,114.14
CUST_0150,59,16,9151.52,8,17.2,1,46.26,118.49
CUST_0151,23,54,1666.7,18,79.91,9,36.58,51.8
CUST_0152,45,21,2741.11,1,20.98,10,30.91,7.64
CUST_0153,45,11,2072.44,2,63.49,8,35.29,173.88
CUST_0154,37,60,2270.05,1,94.28,6,82.31,48.91
CUST_0155,47,37,8456.16,1,88.85,5,93.63,123.3
CUST_0156,28,36,3655.39,9,35.0,0,46.46,128.66
CUST_0157,45,35,3458.72,13,86.63,4,91.55,111.75
CUST_0158,42,19,2660.26,1,10.03,10,38.93,59.76
CUST_0159,56,20,6275.0,13,11.59,10,52.88,52.44
CUST_0160,50,57,4103.4,20,64.23,2,30.34,109.59
CUST_0161,18,18,7570.37,7,42.83,0,67.64,156.57
CUST_0162,44,47,2453.01,2,44.78,3,98.11,170.68
CUST_0163,30,41,7984.0,6,60.8,1,64.31,23.53
CUST_0164,58,49,6235.35,7,27.26,1,42.2,32.1
CUST_0165,20,14,1585.54,14,29.06,2,68.3,170.33
CUST_0166,56,15,4437.79,18,53.61,7,21.06,133.89
CUST_0167,23,31,8703.42,15,77.88,7,89.98,159.52
CUST_0168,25,1,9268.12,2,65.75,6,55.28,40.46
CUST_0169,44,53,4924.15,10,36.76,5,50.44,107.83
CUST_0170,26,54,5067.95,12,48.73,8,62.73,127.7
CUST_0171,54,54,9225.32,17,25.36,3,66.23,124.02
CUST_0172,50,3,6077.15,8,16.72,0,16.46,76.43
CUST_0173,59,16,812.04,11,80.44,7,71.44,7.69
CUST_0174,41,23,9171.12,3,33.88,6,31.77,107.01
CUST_0175,32,57,2858.15,6,26.0,6,74.26,49.29
CUST_0176,49,11,5987.5,9,72.25,2,84.03,83.79
CUST_0177,49,12,2072.38,6,65.62,3,82.36,172.58
CUST_0178,41,10,821.85,9,66.99,9,59.73,74.83
CUST_0179,58,32,3459.0,7,30.6,8,56.82,151.97
CUST_0180,29,16,7914.71,9,30.94,5,22.86,37.99
CUST_0181,56,8,3137.08,18,29.87,4,79.78,122.68
CUST_0182,19,38,2590.92,12,25.64,2,34.43,175.98
CUST_0183,20,12,2520.47,8,69.02,8,54.7,22.83
CUST_0184,54,24,5394.15,8,86.32,4,35.58,6.46
CUST_0185,34,28,9767.64,18,75.19,4,22.04,80.88
CUST_0186,19,53,4860.4,20,81.29,3,66.66,21.21
CUST_0187,19,8,5794.4,15,46.43,3,14.89,135.97
CUST_0188,45,58,8676.0,7,68.87,0,77.38,165.05
CUST_0189,40,28,5583.16,11,41.88,6,38.58,80.95
CUST_0190,54,36,2252.4,20,57.3,8,10.01,50.27
CUST_0191,49,26,3346.16,16,53.35,2,56.0,81.02
CUST_0192,50,8,3444.4,4,25.92,1,14.22,131.6
CUST_0193,18,58,4274.52,6,44.84,2,34.86,6.58
CUST_0194,36,60,4554.49,3,96.74,0,73.63,108.15
CUST_0195,19,50,8097.93,9,32.37,5,15.64,112.33
CUST_0196,43,28,3819.18,10,22.04,10,85.54,116.6
CUST_0197,49,28,4948.2,14,47.67,10,10.34,47.35
CUST_0198,23,37,6437.27,11,81.13,6,32.21,129.96
CUST_0199,49,41,4088.4,18,62.39,10,76.68,20.99
CUST_0200,21,36,8447.37,12,71.29,10,38.46,39.87
CUST_0201,28,27,6080.81,12,27.07,1,19.17,158.56
CUST_0202,34,54,3293.42,13,65.71,7,42.42,134.28
CUST_0203,55,17,7283.56,13,39.12,5,34.34,7.41
CUST_0204,41,9,5512.65,19,85.09,3,85.84,48.47
CUST_0205,22,33,5577.33,19,66.64,4,38.2,42.52
CUST_0206,51,53,5070.34,14,27.9,7,81.0,52.39
CUST_0207,23,20,5221.61,4,15.82,2,90.27,48.32
CUST_0208,39,13,7770.88,13,13.84,2,49.04,15.94
CUST_0209,28,28,1478.32,8,43.43,10,91.89,85.31
CUST_0210,33,48,3676.45,19,33.93,3,43.96,133.23
CUST_0211,50,29,1217.28,12,68.15,0,96.77,111.18
CUST_0212,26,13,7655.84,18,54.94,8,18.04,122.75
CUST_0213,23,46,3086.87,6,33.94,7,71.83,19.2
CUST_0214,33,35,9025.59,18,23.43,7,54.44,171.51
CUST_0215,46,6,5502.5,19,21.45,9,44.89,151.74
CUST_0216,20,18,8107.12,5,87.82,5,66.94,145.89
CUST_0217,37,51,9799.85,9,31.91,6,73.35,149.02
CUST_0218,53,5,8477.99,3,68.65,5,10.39,168.22
CUST_0219,36,47,8736.44,10,82.96,8,25.03,100.24
CUST_0220,43,25,4375.85,19,65.27,2,74.17,40.05
CUST_0221,20,2,5741.36,3,87.36,2,69.97,112.94
CUST_0222,36,10,2911.94,15,45.32,2,96.94,135.0
CUST_0223,37,56,2363.07,1,96.06,9,78.49,134.14
CUST_0224,49,30,5302.32,7,21.98,2,95.57,96.25
CUST_0225,24,50,6152.97,12,19.19,8,73.23,16.98
CUST_0226,58,59,3723.08,17,69.28,3,36.82,69.94
CUST_0227,50,45,5909.71,20,94.85,6,19.48,166.13
CUST_0228,57,5,8930.87,5,82.8,8,80.36,107.28
CUST_0229,56,55,5788.86,4,16.88,10,67.97,99.21
CUST_0230,35,56,7347.72,12,35.14,6,14.34,52.05
CUST_0231,57,33,8150.49,20,93.73,8,42.4,69.48
CUST_0232,18,54,9892.92,18,32.78,2,96.11,161.69
CUST_0233,28,1,6230.38,17,80.31,3,55.04,121.63
CUST_0234,45,18,8165.08,19,84.26,7,48.95,142.79
CUST_0235,42,32,9645.17,9,54.59,5,51.19,84.51
CUST_0236,40,47,9471.89,4,44.77,4,28.8,115.29
CUST_0237,48,49,1840.28,2,50.51,3,43.18,48.47
CUST_0238,47,11,4360.73,4,30.43,7,43.28,128.46
CUST_0239,59,21,3577.91,2,90.05,0,14.71,79.83
CUST_0240,52,26,1325.79,15,50.56,8,79.08,82.45
CUST_0241,24,25,6515.79,2,89.42,0,47.49,118.63
CUST_0242,33,22,7491.09,4,19.51,7,84.0,168.85
CUST_0243,43,59,8557.22,6,98.94,3,86.53,16.2
CUST_0244,19,27,1666.38,7,49.89,8,29.08,149.33
CUST_0245,18,49,8826.22,10,14.3,10,69.16,56.17
CUST_0246,29,13,6607.79,19,13.42,4,52.51,82.69
CUST_0247,22,33,7187.49,19,77.16,2,89.21,8.83
CUST_0248,54,34,9150.93,12,69.31,8,29.42,57.68
CUST_0249,49,41,6435.23,3,82.19,10,71.0,92.96
CUST_0250,26,35,3690.73,13,19.48,8,64.7,14.83
CUST_0251,58,1,8338.52,18,13.2,3,36.58,90.94
CUST_0252,52,21,3949.06,8,55.77,10,22.29,167.24
CUST_0253,36,48,825.17,15,44.88,3,68.65,23.44
CUST_0254,33,55,8391.22,1,51.58,7,76.47,138.78
CUST_0255,20,6,3779.33,3,99.24,1,38.41,76.69
CUST_0256,37,28,7851.43,8,97.37,8,68.03,119.66
CUST_0257,41,17,3946.2,4,94.81,5,45.56,50.54
CUST_0258,50,5,8680.15,16,80.55,8,74.19,32.91
CUST_0259,41,31,2585.35,10,41.94,7,27.93,33.08
CUST_0260,28,5,9758.2,12,47.09,6,90.12,17.34
CUST_0261,25,38,7907.71,14,59.47,0,35.87,37.49
CUST_0262,53,3,1585.26,14,84.75,2,43.1,121.24
CUST_0263,55,53,5874.88,2,16.18,10,15.23,159.3
CUST_0264,57,23,9860.99,5,48.19,1,20.04,147.47
CUST_0265,37,37,4975.12,5,17.44,4,56.43,124.9
CUST_0266,52,53,2230.02,6,56.32,4,34.08,24.33
CUST_0267,42,37,5105.39,13,90.9,4,85.19,55.61
CUST_0268,52,10,5368.35,9,80.42,3,11.32,59.22
CUST_0269,42,10,7546.03,15,30.51,4,44.12,48.74
CUST_0270,46,19,7139.04,14,97.84,2,40.36,95.13
CUST_0271,35,17,4324.23,7,70.06,0,11.74,98.72
CUST_0272,35,21,2571.22,20,10.94,4,21.19,67.46
CUST_0273,19,14,6628.01,2,32.99,8,47.23,66.91
CUST_0274,52,9,4506.19,7,33.46,8,54.36,150.0
CUST_0275,33,46,1756.62,6,16.23,3,46.39,143.13
CUST_0276,58,1,9055.44,17,96.38,2,57.78,58.86
CUST_0277,53,51,7066.61,2,53.04,0,63.56,164.91
CUST_0278,50,45,6990.25,3,90.62,1,10.89,171.74
CUST_0279,21,13,8314.55,5,39.0,7,51.77,62.18
CUST_0280,50,4,5531.79,5,21.27,0,96.71,67.02
CUST_0281,31,1,8243.02,1,52.69,7,56.71,93.49
CUST_0282,38,49,5231.86,8,20.26,6,70.98,169.7
CUST_0283,37,40,1138.17,12,53.74,7,38.07,158.36
CUST_0284,25,32,4349.86,4,92.83,5,79.66,22.95
CUST_0285,24,34,5225.92,13,56.87,8,79.56,73.73
CUST_0286,20,28,7341.92,15,65.48,2,56.92,101.84
CUST_0287,34,31,1512.5,11,24.1,9,97.84,93.05
CUST_0288,50,8,1830.18,10,13.94,3,21.3,38.93
CUST_0289,29,39,3005.0,3,19.97,5,11.53,155.29
CUST_0290,39,26,3031.73,14,63.87,7,79.31,123.46
CUST_0291,39,58,7455.75,16,18.55,4,82.64,151.63
CUST_0292,47,34,2881.94,10,43.84,2,20.82,155.28
CUST_0293,55,54,6514.43,10,59.51,5,33.9,135.96
CUST_0294,55,54,5195.6,12,44.98,3,11.58,81.86
CUST_0295,25,3,5946.3,9,24.73,8,36.4,111.85
CUST_0296,44,59,8462.02,1,34.64,2,79.58,33.06
CUST_0297,44,50,4341.62,5,93.55,3,56.62,122.89
CUST_0298,51,12,7823.66,20,70.84,6,41.33,36.37
CUST_0299,38,1,4509.34,8,54.64,6,43.46,126.44
CUST_0300,47,54,3861.78,11,11.14,3,10.12,45.18
CUST_0301,50,44,9606.96,12,99.32,5,36.98,25.57
CUST_0302,45,5,2251.52,1,70.43,2,68.18,33.92
CUST_0303,50,30,1358.2,20,38.52,5,97.68,5.35
CUST_0304,22,30,7824.37,11,89.13,1,86.24,130.78
CUST_0305,36,59,1148.37,5,33.26,7,12.12,133.17
CUST_0306,21,57,8452.25,15,58.96,1,90.87,95.11
CUST_0307,52,17,4653.34,5,67.25,10,80.49,33.24
CUST_0308,34,48,9197.38,12,29.9,6,80.23,19.62
CUST_0309,45,47,7354.56,5,98.06,8,51.22,8.35
CUST_0310,47,23,6298.84,17,77.34,0,45.82,34.01
CUST_0311,46,15,9518.41,17,60.2,7,37.26,160.9
CUST_0312,23,37,4268.17,12,26.25,6,15.91,47.27
CUST_0313,52,21,9563.83,15,14.85,5,30.54,67.0
CUST_0314,58,14,1782.51,15,38.81,5,32.19,23.44
CUST_0315,54,2,5095.67,6,77.79,5,53.57,43.91
CUST_0316,41,11,3064.16,12,34.24,8,77.27,95.86
CUST_0317,46,51,5628.51,20,58.56,1,52.64,111.36
CUST_0318,48,39,2039.13,18,75.52,0,15.21,47.94
CUST_0319,52,38,8494.53,14,19.71,5,96.2,15.1
CUST_0320,50,60,8540.87,2,71.68,9,94.85,73.43
CUST_0321,38,34,9574.74,9,18.27,10,80.67,45.99
CUST_0322,49,38,1969.39,5,96.86,7,99.22,43.42
CUST_0323,40,50,6421.66,20,53.96,2,59.0,172.98
CUST_0324,50,34,5005.25,1,23.56,9,96.65,112.85
CUST_0325,20,18,3771.65,3,40.81,0,16.8,102.45
CUST_0326,35,30,3839.63,6,47.21,8,42.91,77.76
CUST_0327,42,15,4421.54,5,78.24,0,30.28,80.07
CUST_0328,59,27,7196.79,5,76.91,2,27.62,99.66
CUST_0329,48,51,6183.72,1,65.07,7,22.67,126.88
CUST_0330,20,34,4866.97,17,19.53,2,66.02,127.88
CUST_0331,57,52,1221.37,19,23.64,3,80.32,35.05
CUST_0332,41,57,1238.77,14,18.44,7,62.05,92.52
CUST_0333,49,38,522.22,12,61.95,0,23.23,77.09
CUST_0334,39,33,9693.14,10,88.94,5,83.0,157.34
CUST_0335,40,24,549.91,20,49.04,0,67.24,115.5
CUST_0336,19,15,1479.39,18,24.48,0,44.93,98.19
CUST_0337,44,60,3488.67,11,60.22,7,70.67,25.19
CUST_0338,59,30,8170.59,2,83.06,10,33.39,110.99
CUST_0339,19,55,9639.94,18,76.75,3,41.07,25.51
CUST_0340,43,42,8005.13,7,89.33,0,92.57,64.01
CUST_0341,34,51,7060.32,15,35.01,9,36.15,30.0
CUST_0342,57,17,5452.36,11,27.46,6,52.3,126.11
CUST_0343,50,5,1323.7,18,89.18,4,90.11,41.09
CUST_0344,26,29,9602.62,12,69.18,4,73.69,73.58
CUST_0345,60,4,7704.73,6,37.98,0,15.6,161.74
CUST_0346,56,10,6570.02,20,76.81,9,23.26,40.76
CUST_0347,46,56,7710.84,13,83.36,10,10.71,93.87
CUST_0348,59,17,7378.98,20,65.35,5,66.78,78.37
CUST_0349,43,10,6553.7,16,71.91,8,50.29,8.17
CUST_0350,52,17,9815.48,18,43.77,8,22.08,143.73
CUST_0351,42,60,9081.96,10,58.48,7,96.21,17.08
CUST_0352,41,20,6643.32,8,57.17,4,57.67,87.99
CUST_0353,30,24,7085.16,18,86.32,0,31.77,103.12
CUST_0354,24,5,990.16,1,85.6,8,55.05,114.97
CUST_0355,53,34,6864.22,8,84.94,0,71.17,125.51
CUST_0356,37,6,919.57,6,10.99,7,16.86,49.32
CUST_0357,18,53,6088.51,5,77.46,4,34.72,6.75
CUST_0358,25,2,9993.86,15,78.28,2,82.63,131.6
CUST_0359,33,13,5780.16,15,71.05,10,51.37,98.74
CUST_0360,31,43,4995.5,2,78.06,6,59.19,151.32
CUST_0361,29,43,3472.12,1,85.78,6,48.95,148.74
CUST_0362,40,48,1644.96,11,52.33,8,13.95,152.58
CUST_0363,32,11,7444.72,10,55.18,6,24.92,89.89
CUST_0364,45,51,2329.69,18,21.22,10,50.1,63.38
CUST_0365,51,47,1595.18,18,44.68,2,28.83,143.52
CUST_0366,19,57,4506.75,17,67.9,10,14.5,83.98
CUST_0367,49,23,8055.75,8,80.24,0,85.93,37.1
CUST_0368,40,55,7578.11,15,29.55,7,98.31,154.62
CUST_0369,39,16,1021.38,8,22.4,2,81.38,159.45
CUST_0370,42,31,4823.87,17,69.67,7,86.84,86.6
CUST_0371,39,11,5463.13,12,10.17,7,31.78,18.25
CUST_0372,39,54,6623.19,8,26.05,4,96.46,72.87
CUST_0373,59,16,6676.59,14,12.62,0,27.72,145.62
CUST_0374,23,8,3964.62,4,25.02,9,95.63,162.81
CUST_0375,32,4,5826.43,1,26.32,6,99.53,40.61
CUST_0376,60,40,5070.09,1,44.89,9,74.06,16.72
CUST_0377,54,4,8907.48,19,46.21,4,98.3,158.54
CUST_0378,50,56,5537.52,16,88.68,7,61.26,73.15
CUST_0379,25,25,4689.81,14,55.91,8,33.36,99.81
CUST_0380,22,3,4342.61,16,75.11,10,49.33,174.41
CUST_0381,56,32,5938.06,5,19.37,6,63.42,16.65
CUST_0382,21,3,8137.78,9,30.29,6,16.58,118.46
CUST_0383,23,27,5614.81,2,73.26,0,66.01,17.97
CUST_0384,49,29,6785.72,18,14.75,3,98.31,70.71
CUST_0385,47,32,7509.63,6,53.79,1,27.11,145.67
CUST_0386,52,50,5441.6,9,63.94,1,81.33,80.86
CUST_0387,57,58,4554.76,1,64.19,1,91.71,179.51
CUST_0388,33,51,8828.32,9,12.06,3,94.93,102.84
CUST_0389,30,19,4466.31,16,38.99,0,96.41,61.2
CUST_0390,59,21,4888.46,13,67.28,3,56.93,43.52
CUST_0391,47,5,9908.24,9,23.41,1,97.96,66.34
CUST_0392,36,18,502.26,13,72.59,4,78.16,70.19
CUST_0393,34,28,2261.99,9,77.13,2,24.55,17.02
CUST_0394,36,42,4147.66,11,98.38,7,52.92,69.68
CUST_0395,45,22,9359.6,4,28.89,3,74.65,86.24
CUST_0396,43,21,1165.28,2,84.26,0,32.26,131.48
CUST_0397,54,6,590.11,6,56.83,0,67.66,119.93
CUST_0398,43,1,1000.5,14,43.61,9,69.99,129.03
CUST_0399,40,5,1341.16,4,21.01,2,24.64,6.46
CUST_0400,26,41,857.17,6,76.2,8,60.86,43.09
CUST_0401,29,12,5057.92,19,31.23,6,79.45,120.79
CUST_0402,18,26,6017.19,6,43.43,1,54.9,89.7
CUST_0403,18,46,3081.03,2,15.63,8,11.09,5.93
CUST_0404,51,34,4283.73,18,82.12,9,10.81,145.79
CUST_0405,49,49,1371.14,13,78.99,1,42.13,140.24
CUST_0406,42,14,3695.52,9,76.03,2,93.36,100.97
CUST_0407,57,26,5463.93,19,36.95,10,30.58,16.63
CUST_0408,18,45,7456.58,13,25.61,9,67.09,139.14
CUST_0409,33,27,531.79,11,67.38,1,29.99,107.15
CUST_0410,56,9,4939.45,1,54.65,2,38.95,141.84
CUST_0411,22,26,3321.53,7,26.04,5,86.32,136.56
CUST_0412,39,57,8601.81,15,71.73,8,75.6,145.53
CUST_0413,46,47,7297.76,1,99.2,8,18.59,95.65
CUST_0414,20,57,6096.53,12,77.25,6,48.58,29.56
CUST_0415,29,22,3134.02,7,76.6,2,12.63,122.45
CUST_0416,43,47,9148.22,15,95.53,3,53.28,113.58
CUST_0417,33,56,928.46,19,28.26,5,69.62,134.89
CUST_0418,54,30,1539.94,1,60.9,10,20.67,34.73
CUST_0419,39,43,4220.49,17,98.17,4,36.0,39.12
CUST_0420,46,48,1682.16,17,24.88,1,45.81,160.82
CUST_0421,31,17,9585.95,3,73.02,5,92.76,136.25
CUST_0422,45,26,8080.9,12,62.72,2,99.39,163.94
CUST_0423,22,36,2960.34,6,62.78,7,14.04,137.78
CUST_0424,47,1,6091.27,11,72.79,1,78.49,109.5
CUST_0425,22,8,9832.14,3,93.67,0,43.46,119.47
CUST_0426,29,49,8899.89,8,80.43,8,45.32,160.6
CUST_0427,33,35,6207.59,14,15.05,2,77.88,106.29
CUST_0428,43,52,9085.38,14,86.75,10,92.66,115.67
CUST_0429,43,15,9897.26,10,30.3,0,95.58,32.38
CUST_0430,38,47,7561.85,2,43.92,6,61.94,87.94
CUST_0431,56,56,1117.37,14,51.56,9,42.14,130.37
CUST_0432,53,22,4315.01,9,53.28,4,80.88,52.41
CUST_0433,50,14,8459.34,3,49.17,4,32.59,40.39
CUST_0434,47,26,2690.41,8,94.36,0,60.77,59.92
CUST_0435,54,28,8391.1,16,73.54,8,42.27,47.26
CUST_0436,40,23,1643.22,2,66.81,6,69.1,42.61
CUST_0437,27,14,945.98,6,14.49,7,31.64,79.35
CUST_0438,22,24,4148.86,12,91.35,8,27.24,163.87
CUST_0439,53,2,848.95,5,91.85,5,92.64,93.74
CUST_0440,51,45,9594.07,2,80.22,4,19.16,37.89
CUST_0441,48,26,8348.95,16,10.63,5,55.54,18.47
CUST_0442,27,14,8107.31,5,15.16,10,29.88,126.83
CUST_0443,36,59,6482.89,15,30.27,1,13.5,71.99
CUST_0444,49,56,2555.08,12,21.82,3,13.24,148.82
CUST_0445,18,51,5423.47,4,45.9,2,25.77,120.41
CUST_0446,22,7,6174.1,15,93.04,6,88.01,144.34
CUST_0447,21,3,5487.8,11,52.49,8,35.42,52.59
CUST_0448,33,47,2972.22,16,11.21,4,95.54,126.16
CUST_0449,41,23,5394.86,6,35.45,5,62.35,51.21
CUST_0450,33,46,5166.27,14,14.01,9,49.3,169.34
CUST_0451,19,43,9965.19,18,13.27,1,62.21,116.37
CUST_0452,45,47,9025.64,12,34.81,2,56.5,61.79
CUST_0453,49,60,4902.12,11,34.81,2,78.29,52.16
CUST_0454,44,45,6417.91,13,80.84,8,35.42,38.41
CUST_0455,37,18,7604.78,11,97.74,6,41.77,126.56
CUST_0456,41,58,831.22,16,43.41,7,90.47,43.28
CUST_0457,29,38,9001.75,15,48.6,10,95.18,109.18
CUST_0458,52,35,8671.2,15,86.03,9,90.33,51.31
CUST_0459,50,51,4845.6,4,34.13,10,47.75,120.84
CUST_0460,50,15,4216.11,11,24.07,8,80.23,147.61
CUST_0461,60,25,3093.11,19,86.78,5,52.87,141.15
CUST_0462,54,55,5028.43,15,14.19,3,54.78,138.15
CUST_0463,29,37,921.58,4,65.77,0,28.42,37.85
CUST_0464,20,28,8595.84,13,60.58,7,63.2,20.47
CUST_0465,18,10,836.51,19,41.13,6,26.75,127.32
CUST_0466,50,39,3625.99,2,38.37,1,39.84,69.46
CUST_0467,57,57,9350.1,14,79.47,7,86.95,80.66
CUST_0468,27,17,7484.52,4,17.78,4,28.64,10.45
CUST_0469,60,39,3173.21,16,31.31,6,16.4,50.43
CUST_0470,46,22,2900.17,20,75.92,3,16.21,10.89
CUST_0471,30,26,548.28,14,59.35,4,94.67,158.86
CUST_0472,29,44,7109.29,15,21.52,7,55.62,47.59
CUST_0473,48,25,963.44,3,89.39,0,46.85,102.53
CUST_0474,19,17,5559.72,8,45.41,0,82.98,11.82
CUST_0475,52,13,9640.16,16,84.51,3,85.22,121.7
CUST_0476,40,20,1539.95,10,80.89,2,39.9,61.53
CUST_0477,34,25,8997.56,4,66.2,9,72.43,162.14
CUST_0478,43,4,9919.02,18,54.5,1,79.4,160.42
CUST_0479,25,10,1084.41,2,98.16,2,68.92,61.93
CUST_0480,46,3,8887.61,17,23.05,10,23.64,162.67
CUST_0481,43,41,5402.75,13,75.26,10,88.83,179.33
CUST_0482,27,45,9111.88,4,27.21,10,58.52,149.45
CUST_0483,43,18,5927.53,11,40.44,0,35.42,152.85
CUST_0484,51,47,6790.06,7,37.78,0,48.27,48.58
CUST_0485,58,36,5665.9,12,95.23,5,13.38,105.92
CUST_0486,24,47,8712.68,10,97.06,4,21.51,16.77
CUST_0487,21,22,7472.14,7,26.47,7,78.9,21.61
CUST_0488,28,34,5451.97,13,11.98,1,10.0,179.81
CUST_0489,46,47,8747.53,7,74.8,3,47.49,62.16
CUST_0490,53,8,2830.21,17,47.62,7,57.03,135.93
CUST_0491,42,40,1994.74,10,18.0,5,14.92,146.17
CUST_0492,38,49,2023.8,10,71.54,0,97.58,155.15
CUST_0493,53,44,3673.08,4,59.06,3,30.35,179.58
CUST_0494,27,19,2767.56,20,98.25,0,37.38,47.26
CUST_0495,54,42,9335.86,4,30.47,1,37.35,12.06
CUST_0496,26,41,1505.42,7,46.36,4,30.74,76.96
CUST_0497,41,37,7140.41,1,58.83,7,10.13,27.76
CUST_0498,52,6,2297.6,12,81.25,7,75.64,8.92
CUST_0499,52,52,8875.55,13,59.4,10,97.02,68.07
CUST_0500,53,26,9632.5,10,65.16,2,30.19,142.15
