Customer_ID,Age,Tenure_Months,Monthly_Spend,Purchase_Frequency,Engagement_Score,Service_Inquiries,Learning_Interest,Avg_Session_Minutes,Spend_per_Purchase,Engagement_per_Session,Customer_Value_Score,Cluster,Segment,Recommended_Service,PCA1,PCA2
CUST_0001,56,18,6271.77,19,20.11,5,96.76,121.03,330.09315789473686,0.16615715111955712,59.660330062901636,1,Occasional Users,Advanced Data Science / AI Learning Program,0.8261051591443784,-1.1744171177541636
CUST_0002,46,49,2821.35,10,10.23,1,44.58,134.83,282.135,0.07587332196098791,29.373968195043897,0,Premium Engaged Customers,Engagement Booster Program,-1.9169230678124325,-1.1410285130853366
CUST_0003,32,39,5233.35,10,67.42,0,13.51,153.47,523.335,0.4393040985208836,56.25552900305168,1,Occasional Users,Starter Learning & Service Package,0.10350609832226834,0.007403831711534795
CUST_0004,60,32,3638.31,11,56.37,9,12.79,78.96,330.75545454545454,0.7139057750759878,48.0428017234754,0,Premium Engaged Customers,Priority Customer Support Program,-0.5534557030163317,-0.6239978608066472
CUST_0005,25,24,9370.07,7,63.42,4,44.92,58.01,1338.5814285714284,1.0932597827960697,67.10763477426612,1,Occasional Users,Starter Learning & Service Package,0.9715055606117775,1.282609317392206
CUST_0006,38,23,571.58,18,81.44,4,24.4,61.93,31.754444444444445,1.3150331018892298,53.82030825567323,0,Premium Engaged Customers,Starter Learning & Service Package,0.21390282121146587,-1.8008410085337987
CUST_0007,56,32,2640.66,4,68.19,1,12.1,129.71,660.165,0.5257112019119574,37.110348443370874,0,Premium Engaged Customers,Starter Learning & Service Package,-1.6022767746471747,-0.007119903975566807
CUST_0008,36,37,3970.89,2,25.73,5,78.06,147.94,1985.445,0.17392186021360012,26.64409668813888,0,Premium Engaged Customers,Advanced Data Science / AI Learning Program,-2.5282793873541887,0.70475771814348
CUST_0009,40,12,5134.19,14,42.47,8,51.27,36.78,366.7278571428571,1.1547036432843936,54.34283047562064,0,Premium Engaged Customers,Priority Customer Support Program,0.18256743657745683,-0.877269099765989
CUST_0010,28,49,8582.77,13,91.53,1,36.03,69.91,660.213076923077,1.3092547561150052,81.42421761983445,1,Occasional Users,Premium Membership & Advanced Services,2.4009830880576724,0.7461675035950651
CUST_0011,28,55,1334.93,12,79.3,9,91.01,162.84,111.24416666666667,0.48698108572832227,47.23094115865061,0,Premium Engaged Customers,Advanced Data Science / AI Learning Program,-0.39052810417801076,-0.8938413973625362
CUST_0012,41,13,8155.72,7,60.1,1,20.45,146.17,1165.1028571428571,0.411165081754122,61.247150086632764,1,Occasional Users,Starter Learning & Service Package,0.336302633472388,0.9422402808487035
CUST_0013,53,23,1028.71,2,33.01,2,96.03,177.35,514.355,0.1861291232027065,17.061137518755825,0,Premium Engaged Customers,Advanced Data Science / AI Learning Program,-3.075955459489216,-0.6541549572855647
CUST_0014,57,25,8501.98,13,37.19,6,38.26,136.99,653.9984615384615,0.27147967004890866,64.73174571289393,1,Occasional Users,Engagement Booster Program,0.8489400539084563,0.15873661386782864
CUST_0015,41,35,990.54,14,75.88,5,89.96,73.81,70.75285714285714,1.0280449803549654,47.82231089909287,0,Premium Engaged Customers,Advanced Data Science / AI Learning Program,-0.15179679886594363,-1.3833835191202075
CUST_0016,20,41,673.3,17,86.61,7,64.26,108.36,39.60588235294117,0.7992801771871539,54.28482351312617,0,Premium Engaged Customers,Priority Customer Support Program,0.2858910883259287,-1.51425803652822
CUST_0017,39,30,7121.13,9,70.43,7,84.4,120.68,791.2366666666667,0.5836095459065297,63.21800578114456,1,Occasional Users,Advanced Data Science / AI Learning Program,0.7857520140066859,0.5797921302060598
CUST_0018,19,17,9973.93,17,82.86,5,98.56,18.73,586.7017647058824,4.423918846769888,90.38056840511884,1,Occasional Users,Advanced Data Science / AI Learning Program,3.391858219346187,0.3505964248926418
CUST_0019,41,49,9017.8,8,79.0,10,35.96,100.29,1127.225,0.7877156246884036,71.89093136100516,1,Occasional Users,Premium Membership & Advanced Services,1.2872967791639736,1.434276454406957
CUST_0020,47,20,5971.98,2,23.47,9,96.5,129.13,2985.99,0.1817548207233021,33.97258314054372,2,Learning-Focused Customers,Advanced Data Science / AI Learning Program,-2.0607288493011793,1.5322271564786465
CUST_0021,55,48,9215.26,13,48.16,2,45.05,34.28,708.8661538461539,1.4049008168028003,70.89116725431238,1,Occasional Users,Starter Learning & Service Package,1.6097256469502443,0.44868203988835853
CUST_0022,19,25,550.35,3,23.77,2,44.7,141.61,183.45000000000002,0.16785537744509565,13.863109955637876,0,Premium Engaged Customers,Engagement Booster Program,-3.398732152327278,-1.144288524724799
CUST_0023,38,22,9763.14,16,31.17,0,40.63,107.16,610.19625,0.2908734602463606,72.4660499409877,1,Occasional Users,Engagement Booster Program,1.6765807873823186,-0.009663515280260479
CUST_0024,50,13,5162.11,6,88.23,6,58.73,171.64,860.3516666666666,0.5140410160801678,56.23909560699207,1,Occasional Users,Starter Learning & Service Package,-0.03379482386218661,0.5990029606019762
CUST_0025,29,59,7367.51,19,52.56,4,23.87,12.42,387.7636842105263,4.231884057971015,73.82106067277331,1,Occasional Users,Starter Learning & Service Package,1.963059189676772,-0.46823029432448143
CUST_0026,39,19,8298.18,7,58.18,3,59.83,51.43,1185.4542857142858,1.131246354267937,61.23896886093021,1,Occasional Users,Starter Learning & Service Package,0.5800140802631952,0.9017820589645105
CUST_0027,42,49,7325.34,10,26.06,9,58.75,110.27,732.534,0.23632901061032013,52.169547849944884,1,Occasional Users,Priority Customer Support Program,-0.14621970262551798,0.1842200649391216
CUST_0028,44,36,5582.85,9,38.1,3,78.57,56.9,620.3166666666667,0.6695957820738138,47.322175832930995,0,Premium Engaged Customers,Advanced Data Science / AI Learning Program,-0.349089558151842,-0.19747136850246338
CUST_0029,59,12,5027.89,2,30.72,3,85.03,130.02,2513.945,0.2362713428703276,32.37785724322675,2,Learning-Focused Customers,Advanced Data Science / AI Learning Program,-2.095704472005812,1.099502540337004
CUST_0030,45,41,8466.53,15,28.56,5,49.64,137.83,564.4353333333333,0.20721178263077702,64.99019999394197,1,Occasional Users,Engagement Booster Program,1.0044183368492312,-0.06652544732521147
CUST_0031,33,19,2448.24,5,67.42,7,37.21,22.94,489.64799999999997,2.9389712292938097,37.60824457041003,0,Premium Engaged Customers,Priority Customer Support Program,-1.400156238719272,-0.3983382772949665
CUST_0032,32,12,9695.94,4,33.12,7,33.34,94.92,2423.985,0.3489254108723135,54.78449317072368,2,Learning-Focused Customers,Priority Customer Support Program,-0.39591148938005355,1.838768374793085
CUST_0033,20,9,7254.05,20,66.88,4,27.52,94.06,362.7025,0.7110355092494152,79.1806279568759,1,Occasional Users,Starter Learning & Service Package,2.2256437200627723,-0.658953970231445
CUST_0034,54,7,2395.32,4,15.26,5,15.19,69.62,598.83,0.21918988796322894,20.184013593242724,0,Premium Engaged Customers,Engagement Booster Program,-2.982146488662143,-0.817042928652829
CUST_0035,24,28,7494.35,18,22.76,3,40.82,168.26,416.3527777777778,0.13526684892428387,63.851927483113144,1,Occasional Users,Engagement Booster Program,0.9216123001246894,-0.7090975687089589
CUST_0036,38,14,5533.48,4,34.71,10,34.32,149.81,1383.37,0.23169347840598092,38.603387639564865,0,Premium Engaged Customers,Priority Customer Support Program,-1.69141927895739,0.5562198113911524
CUST_0037,26,31,7218.69,17,63.73,8,96.98,127.01,424.62882352941176,0.5017715140540114,73.59021060851234,1,Occasional Users,Advanced Data Science / AI Learning Program,1.871754594779159,-0.26985912904279763
CUST_0038,56,52,7793.91,12,70.83,7,60.19,130.01,649.4925,0.5448042458272441,70.53127316949391,1,Occasional Users,Premium Membership & Advanced Services,1.4181728768550002,0.5853702916958239
CUST_0039,35,19,1329.26,17,49.84,9,41.25,85.8,78.19176470588235,0.5808857808857809,45.8338622461636,0,Premium Engaged Customers,Priority Customer Support Program,-0.5178076945816096,-1.8520153691637926
CUST_0040,21,58,5307.99,10,50.12,9,62.24,166.17,530.799,0.3016188240958055,51.34290582844415,0,Premium Engaged Customers,Priority Customer Support Program,-0.2449114972659287,-0.0006878231349567846
CUST_0041,42,47,9354.14,1,75.21,0,22.53,126.55,9354.14,0.5943105491900434,61.595437027896324,2,Learning-Focused Customers,Premium Membership & Advanced Services,-0.7549431936824005,6.336538984266694
CUST_0042,31,16,3546.1,18,11.42,1,49.96,132.57,197.00555555555556,0.08614316964622463,44.633219000502855,0,Premium Engaged Customers,Engagement Booster Program,-0.5331416350787748,-1.847573575120945
CUST_0043,26,53,6141.89,18,40.7,8,66.36,155.8,341.2161111111111,0.2612323491655969,63.842920844492,1,Occasional Users,Priority Customer Support Program,1.008181608766472,-0.6750657100266443
CUST_0044,43,5,4007.69,14,83.68,7,54.0,52.96,286.2635714285714,1.5800604229607251,62.24795906944118,1,Occasional Users,Priority Customer Support Program,0.8221793174028927,-0.750647369307731
CUST_0045,19,35,4815.55,15,64.29,2,46.16,146.24,321.0366666666667,0.4396198030634573,61.14043650625563,1,Occasional Users,Starter Learning & Service Package,0.7171365829509966,-0.6384107284380055
CUST_0046,37,12,5711.73,12,40.35,7,99.45,39.17,475.97749999999996,1.030125095736533,53.01579145014258,1,Occasional Users,Advanced Data Science / AI Learning Program,0.1900860591374569,-0.5995208936958385
CUST_0047,45,25,5714.76,4,91.5,0,89.23,65.43,1428.69,1.3984410820724438,56.43609240779131,1,Occasional Users,Advanced Data Science / AI Learning Program,0.22033493797934664,1.1089003394886598
CUST_0048,24,52,2416.44,3,79.54,9,66.11,63.73,805.48,1.2480778283383023,38.13193539441511,0,Premium Engaged Customers,Priority Customer Support Program,-1.3712054714087214,0.2639978630325848
CUST_0049,25,59,7003.43,20,33.84,3,61.24,176.24,350.17150000000004,0.19201089423513393,68.22472554931538,1,Occasional Users,Engagement Booster Program,1.4455748915697137,-0.6956629686813655
CUST_0050,52,21,1334.75,12,68.08,2,65.86,154.89,111.22916666666667,0.4395377364581316,43.85036330089584,0,Premium Engaged Customers,Starter Learning & Service Package,-0.6982287410963711,-1.223345950390949
CUST_0051,31,36,1818.84,7,63.62,5,28.12,127.7,259.8342857142857,0.4981989036805011,36.944404572008374,0,Premium Engaged Customers,Starter Learning & Service Package,-1.496875245096351,-0.6480114815003897
CUST_0052,34,53,525.75,11,46.11,6,45.56,132.23,47.79545454545455,0.34871058004991307,32.49424082534884,0,Premium Engaged Customers,Starter Learning & Service Package,-1.674531257433693,-1.393977099927519
CUST_0053,53,23,1608.61,1,43.03,3,13.55,103.36,1608.61,0.41631191950464397,20.900537967062455,0,Premium Engaged Customers,Starter Learning & Service Package,-3.1212278088340097,0.1891825230701031
CUST_0054,57,16,4995.08,6,40.92,6,52.8,170.74,832.5133333333333,0.23966264495724493,41.319134262725896,0,Premium Engaged Customers,Starter Learning & Service Package,-1.2551784446649634,0.09068093326449038
CUST_0055,21,57,6257.97,15,65.54,8,58.87,91.85,417.19800000000004,0.7135547087642897,67.29020509596005,1,Occasional Users,Priority Customer Support Program,1.2829956944408392,-0.171441339160735
CUST_0056,19,39,8045.75,15,49.82,10,30.5,71.59,536.3833333333333,0.6959072496158681,69.71030337891045,1,Occasional Users,Priority Customer Support Program,1.3372637299136696,-0.01582049190618516
CUST_0057,23,45,1513.64,19,84.87,1,96.76,33.53,79.66526315789474,2.5311661198926334,60.12409964521912,1,Occasional Users,Advanced Data Science / AI Learning Program,1.108141320078032,-1.5887132705574336
CUST_0058,59,53,8581.91,11,70.26,10,91.85,142.59,780.1736363636363,0.49274142646749425,72.01350570017134,1,Occasional Users,Advanced Data Science / AI Learning Program,1.5502952253911304,0.9126261939750887
CUST_0059,21,42,7586.76,2,16.29,2,74.99,133.53,3793.38,0.1219950572904965,38.27280371897517,2,Learning-Focused Customers,Advanced Data Science / AI Learning Program,-1.7600125805937408,2.276234446133961
CUST_0060,46,58,4380.92,14,67.62,4,58.0,72.26,312.92285714285714,0.9357874342651537,58.90396116148341,1,Occasional Users,Starter Learning & Service Package,0.6781504577248674,-0.5145224645227638
CUST_0061,35,39,9362.91,2,34.4,2,88.3,9.41,4681.455,3.655685441020191,50.837135628145845,2,Learning-Focused Customers,Advanced Data Science / AI Learning Program,-0.6387705157038446,3.1681471272851005
CUST_0062,43,14,9913.83,4,63.35,10,21.76,151.82,2478.4575,0.4172704518508761,64.76292461484796,2,Learning-Focused Customers,Priority Customer Support Program,0.25461966098783173,2.327336250651219
CUST_0063,51,31,2447.52,17,71.21,7,81.15,7.0,143.97176470588235,10.172857142857142,56.747043692659396,1,Occasional Users,Advanced Data Science / AI Learning Program,0.6626245327426092,-1.3855573778111696
CUST_0064,27,58,4102.67,3,30.77,9,21.23,128.15,1367.5566666666666,0.24010924697619976,30.189765260020675,0,Premium Engaged Customers,Priority Customer Support Program,-2.3177252565362365,0.5171154593349266
CUST_0065,53,5,9301.27,13,51.12,7,81.48,174.79,715.4823076923077,0.2924652440070942,72.12707441338758,1,Occasional Users,Advanced Data Science / AI Learning Program,1.4839286113218775,0.4007744328096262
CUST_0066,31,35,7355.17,9,27.13,7,34.82,81.59,817.2411111111111,0.3325162397352616,51.111262675660406,0,Premium Engaged Customers,Priority Customer Support Program,-0.3071908800239682,0.19358395340784731
CUST_0067,48,23,956.9,7,14.71,8,88.94,46.12,136.7,0.31895056374674763,18.761119378206946,0,Premium Engaged Customers,Advanced Data Science / AI Learning Program,-2.7058775490763036,-1.5269720741445691
CUST_0068,32,29,7924.39,15,44.06,3,94.96,128.35,528.2926666666667,0.3432800934943514,67.48945116836329,1,Occasional Users,Advanced Data Science / AI Learning Program,1.3796461741574186,-0.15986645425065682
CUST_0069,25,43,8365.44,11,42.66,4,23.39,148.0,760.4945454545455,0.28824324324324324,62.833005963402265,1,Occasional Users,Starter Learning & Service Package,0.6253594385209872,0.4637743926299698
CUST_0070,31,11,7629.77,20,99.59,4,51.64,100.63,381.48850000000004,0.9896651098082083,90.53783022775986,1,Occasional Users,Premium Membership & Advanced Services,3.226381325556288,-0.213245375771418
CUST_0071,40,18,8095.6,2,50.17,7,98.29,174.23,4047.8,0.28795270619296337,50.51525815804614,2,Learning-Focused Customers,Advanced Data Science / AI Learning Program,-0.8873753438070673,2.8097993240777637
CUST_0072,57,47,8338.76,15,40.02,6,53.51,14.04,555.9173333333333,2.850427350427351,67.93095982873439,1,Occasional Users,Starter Learning & Service Package,1.4296297853848832,-0.04320793308093217
CUST_0073,38,12,2270.85,14,62.24,8,87.72,93.34,162.20357142857142,0.666809513606171,48.83785100262024,0,Premium Engaged Customers,Advanced Data Science / AI Learning Program,-0.20034773227286753,-1.317792936972497
CUST_0074,33,9,2739.07,20,17.99,7,62.99,130.73,136.95350000000002,0.13761187179683318,46.38223008599938,0,Premium Engaged Customers,Priority Customer Support Program,-0.39258281873948103,-2.130345210404268
CUST_0075,35,10,6520.71,11,96.55,1,43.78,155.96,592.7918181818181,0.6190689920492434,71.68311010909288,1,Occasional Users,Starter Learning & Service Package,1.4037162981812497,0.3593003376939857
CUST_0076,41,58,9124.73,3,67.15,9,35.72,36.37,3041.5766666666664,1.8463018971679959,61.24927863686012,2,Learning-Focused Customers,Priority Customer Support Program,0.17392603651745997,2.7165168814452754
CUST_0077,43,44,3503.87,17,77.94,3,28.29,145.0,206.10999999999999,0.5375172413793103,63.00235166131135,1,Occasional Users,Starter Learning & Service Package,0.8750962181913391,-0.8782976550852035
CUST_0078,42,17,6088.91,12,25.34,5,78.56,101.72,507.40916666666664,0.24911521824616595,50.003900066294484,0,Premium Engaged Customers,Advanced Data Science / AI Learning Program,-0.1763784493708642,-0.571138053060236
CUST_0079,58,38,6988.33,15,46.85,1,44.79,74.4,465.88866666666667,0.6297043010752688,64.58335662046693,1,Occasional Users,Starter Learning & Service Package,1.1074241841074464,-0.3142807287241984
CUST_0080,46,7,4793.51,16,48.04,6,56.01,28.05,299.594375,1.7126559714795009,57.657152556636134,1,Occasional Users,Starter Learning & Service Package,0.5526207117633506,-1.1196184811248937
CUST_0081,32,46,7280.93,5,83.96,2,54.31,156.43,1456.1860000000001,0.5367256920028127,61.9333089037605,1,Occasional Users,Premium Membership & Advanced Services,0.45322079961591083,1.5054003483068858
CUST_0082,18,13,9046.84,20,10.11,2,61.96,32.52,452.342,0.3108856088560885,69.25507918453957,1,Occasional Users,Engagement Booster Program,1.6474954015840437,-0.9004686181506052
CUST_0083,42,40,6428.96,6,37.08,10,87.9,59.21,1071.4933333333333,0.6262455666272588,45.901435390758586,0,Premium Engaged Customers,Advanced Data Science / AI Learning Program,-0.6532600167820614,0.4938804646720424
CUST_0084,24,42,5627.92,19,98.31,1,98.27,55.76,296.2063157894737,1.7630918220946916,80.63992978193279,1,Occasional Users,Advanced Data Science / AI Learning Program,2.725701171657268,-0.5046852545110605
CUST_0085,26,9,4668.07,5,52.74,10,46.68,157.5,933.6139999999999,0.33485714285714285,42.07088908639709,0,Premium Engaged Customers,Priority Customer Support Program,-1.3103939221632943,0.21174873642090497
CUST_0086,41,50,5986.12,3,44.43,7,84.48,122.72,1995.3733333333332,0.36204367666232073,41.843064826159114,2,Learning-Focused Customers,Advanced Data Science / AI Learning Program,-1.2128447240985016,1.3005440939479826
CUST_0087,18,27,3875.94,1,20.78,5,78.81,144.42,3875.94,0.14388588838111066,23.272949782048798,2,Learning-Focused Customers,Advanced Data Science / AI Learning Program,-3.0955732207296234,1.6344462790989964
CUST_0088,25,58,4219.08,6,97.67,0,61.62,48.83,703.18,2.0002047921359822,55.308317104272064,1,Occasional Users,Starter Learning & Service Package,0.2543733955455691,0.49703807598027955
CUST_0089,41,2,5552.65,15,11.8,0,96.04,114.35,370.1766666666666,0.10319195452557937,48.2788194392365,0,Premium Engaged Customers,Advanced Data Science / AI Learning Program,-0.1501556933580031,-1.2331585253467259
CUST_0090,28,5,1132.88,2,76.35,6,28.04,105.06,566.44,0.7267275842375784,30.533601180879046,0,Premium Engaged Customers,Starter Learning & Service Package,-2.2130250115562586,-0.3154019616324524
CUST_0091,34,29,2675.74,3,79.17,7,19.83,150.75,891.9133333333333,0.5251741293532338,39.05831565288387,0,Premium Engaged Customers,Priority Customer Support Program,-1.5965280995433178,0.3236631510090358
CUST_0092,25,37,5657.07,17,31.93,4,86.86,163.57,332.76882352941175,0.1952069450388213,57.76061788583435,1,Occasional Users,Advanced Data Science / AI Learning Program,0.5762360264444026,-0.9128867853131258
CUST_0093,52,38,4599.52,12,70.44,10,49.52,7.13,383.29333333333335,9.87938288920056,57.628381252738436,1,Occasional Users,Priority Customer Support Program,0.4618627738462823,-0.38439453187313055
CUST_0094,52,19,3661.75,18,18.36,4,86.23,122.95,203.43055555555554,0.14932899552663684,47.18667455391262,0,Premium Engaged Customers,Advanced Data Science / AI Learning Program,-0.22216760675013006,-1.708348141061062
CUST_0095,50,8,7440.22,15,33.13,3,90.38,14.07,496.0146666666667,2.3546552949538024,62.25908206936177,1,Occasional Users,Advanced Data Science / AI Learning Program,1.0654443904907014,-0.5966975485302523
CUST_0096,22,48,7090.32,12,80.91,5,15.62,101.05,590.86,0.8006927263730826,70.75163353351472,1,Occasional Users,Premium Membership & Advanced Services,1.344750012457794,0.4257292252657403
CUST_0097,59,45,2083.94,16,87.82,5,89.51,55.34,130.24625,1.5869172388868809,58.79534460064695,1,Occasional Users,Advanced Data Science / AI Learning Program,0.8264309970992312,-1.096382029740921
CUST_0098,56,1,8846.98,8,64.76,2,50.35,58.69,1105.8725,1.1034247742375194,66.91764426137044,1,Occasional Users,Starter Learning & Service Package,1.0179525055280971,0.8814104470717661
CUST_0099,58,22,5206.52,14,55.62,8,55.94,66.77,371.89428571428573,0.8330088363037292,58.59356931570283,1,Occasional Users,Priority Customer Support Program,0.525313094898317,-0.6159398091474464
CUST_0100,45,52,7543.88,17,24.34,10,66.39,113.73,443.7576470588235,0.21401565110349072,63.02612060427254,1,Occasional Users,Priority Customer Support Program,0.942247780837983,-0.44231321420345016
CUST_0101,24,17,5944.93,8,15.68,6,93.37,63.46,743.11625,0.24708477781279545,40.51769551822622,0,Premium Engaged Customers,Advanced Data Science / AI Learning Program,-0.9830249392074272,-0.33093239117699125
CUST_0102,26,7,9978.08,15,20.59,0,11.72,133.22,665.2053333333333,0.15455637291697943,68.63927118335707,1,Occasional Users,Engagement Booster Program,1.171463400612587,-0.038376892925301054
CUST_0103,25,25,7647.83,14,30.46,6,52.92,75.79,546.2735714285715,0.40189998680564715,60.785734652543674,1,Occasional Users,Engagement Booster Program,0.6888535677769025,-0.3192206377627621
CUST_0104,29,45,7216.31,18,40.75,4,71.89,16.96,400.90611111111116,2.402712264150943,68.15830299440367,1,Occasional Users,Advanced Data Science / AI Learning Program,1.6075085392844155,-0.6328748025662254
CUST_0105,51,4,7896.43,20,44.28,4,75.04,142.16,394.8215,0.3114800225098481,74.94381417044167,1,Occasional Users,Advanced Data Science / AI Learning Program,1.9697923995349906,-0.7068560054459258
CUST_0106,50,36,1859.72,7,41.17,1,72.33,55.01,265.6742857142857,0.7484093801127069,30.34529785352872,0,Premium Engaged Customers,Advanced Data Science / AI Learning Program,-1.7226838439980312,-0.9565547398582692
CUST_0107,40,6,2443.17,3,31.51,3,22.1,80.73,814.39,0.3903133903133903,23.770600971167198,0,Premium Engaged Customers,Engagement Booster Program,-2.7103518550371093,-0.4776853799480075
CUST_0108,41,60,7283.61,12,55.88,5,36.95,124.95,606.9675,0.44721888755502204,63.985354899463644,1,Occasional Users,Starter Learning & Service Package,0.8589251382919185,0.3248427803075114
CUST_0109,54,31,5192.82,3,84.28,9,42.28,63.18,1730.9399999999998,1.3339664450775561,50.67213257523311,2,Learning-Focused Customers,Priority Customer Support Program,-0.5816919913182627,1.286035362647574
CUST_0110,52,19,7669.04,20,35.17,10,82.4,14.9,383.452,2.3604026845637582,71.28944392662395,1,Occasional Users,Advanced Data Science / AI Learning Program,1.8186048101009225,-0.8500168988537768
CUST_0111,57,44,1477.7,14,94.81,6,35.09,70.44,105.55,1.3459681998864284,55.4745278561374,0,Premium Engaged Customers,Starter Learning & Service Package,0.2935988695668269,-0.976381720378828
CUST_0112,39,54,5596.57,15,88.6,10,28.96,170.28,373.1046666666667,0.5203194738078458,71.58946026990505,1,Occasional Users,Priority Customer Support Program,1.3976961177040685,0.014531390135156745
CUST_0113,44,39,4098.8,14,24.56,4,96.17,117.3,292.7714285714286,0.2093776641091219,44.80360600350276,0,Premium Engaged Customers,Advanced Data Science / AI Learning Program,-0.4370656972576975,-1.1096128389459696
CUST_0114,52,27,4841.5,7,80.76,8,10.8,122.51,691.6428571428571,0.6592114929393519,54.205641778762484,0,Premium Engaged Customers,Priority Customer Support Program,-0.2499739191986509,0.3595466638050855
CUST_0115,18,10,6237.6,17,61.71,2,99.8,115.65,366.91764705882355,0.5335927367055772,69.0549447422973,1,Occasional Users,Advanced Data Science / AI Learning Program,1.577156721742506,-0.7025625196797955
CUST_0116,52,26,5271.74,12,60.99,0,70.91,39.82,439.31166666666667,1.531642390758413,57.4722418868328,1,Occasional Users,Advanced Data Science / AI Learning Program,0.5892200459540161,-0.4284886773594834
CUST_0117,54,19,5628.68,20,45.19,3,84.56,78.21,281.434,0.5778033499552487,66.14136506263284,1,Occasional Users,Advanced Data Science / AI Learning Program,1.4283429313674367,-1.1929819374899417
CUST_0118,31,39,5120.4,4,55.1,8,36.52,136.41,1280.1,0.40392933069423065,43.09223544187952,0,Premium Engaged Customers,Priority Customer Support Program,-1.2131762167582145,0.7395470261622762
CUST_0119,20,3,4385.07,9,45.75,3,11.29,22.74,487.22999999999996,2.011873350923483,44.832560515683085,0,Premium Engaged Customers,Starter Learning & Service Package,-0.7843169701084332,-0.6626530366274054
CUST_0120,18,45,7832.88,6,58.58,1,76.41,53.62,1305.48,1.092502797463633,57.99711940753873,1,Occasional Users,Advanced Data Science / AI Learning Program,0.4026442090646778,1.0614814085834985
CUST_0121,22,13,615.93,16,66.52,9,85.07,53.36,38.495625,1.2466266866566715,46.50339009487301,0,Premium Engaged Customers,Advanced Data Science / AI Learning Program,-0.3033487058130867,-1.8676357755924273
CUST_0122,43,50,6185.21,2,70.69,4,76.64,80.6,3092.605,0.8770471464019851,49.050346865983045,2,Learning-Focused Customers,Advanced Data Science / AI Learning Program,-0.7208084056489196,2.217143211417484
CUST_0123,31,28,5872.33,8,57.92,2,22.86,176.56,734.04125,0.3280471227911192,52.95128619636178,0,Premium Engaged Customers,Starter Learning & Service Package,-0.2859934583029611,0.2669670897384308
CUST_0124,56,58,7303.7,11,74.93,8,77.81,16.81,663.9727272727273,4.457465794170138,68.30429223547274,1,Occasional Users,Advanced Data Science / AI Learning Program,1.4259504749765317,0.5380640788061991
CUST_0125,44,20,6190.78,13,22.72,3,79.2,95.77,476.21384615384613,0.23723504228881695,51.122394545672265,0,Premium Engaged Customers,Advanced Data Science / AI Learning Program,-0.014079637357750908,-0.668540824654655
CUST_0126,26,28,8354.59,17,29.08,5,69.27,36.39,491.4464705882353,0.7991206375377851,67.69880713355047,1,Occasional Users,Engagement Booster Program,1.4556330844097787,-0.47844190546369075
CUST_0127,32,8,9611.21,8,83.69,1,78.95,174.87,1201.40125,0.4785840910390576,75.6788221204088,1,Occasional Users,Advanced Data Science / AI Learning Program,1.6758910484282754,1.3877369906006698
CUST_0128,32,41,3753.98,18,39.03,5,86.13,24.83,208.55444444444444,1.5718888441401533,53.78234997790802,1,Occasional Users,Advanced Data Science / AI Learning Program,0.4723087164132598,-1.4584778759556796
CUST_0129,43,39,2659.83,18,12.06,2,65.22,75.63,147.76833333333332,0.15946053153510514,41.278751424888085,0,Premium Engaged Customers,Engagement Booster Program,-0.638378915331295,-1.9491832906734379
CUST_0130,59,1,4524.17,14,23.84,8,17.97,134.13,323.15500000000003,0.17773801535823455,46.28924210815978,0,Premium Engaged Customers,Priority Customer Support Program,-0.7315718288383274,-1.1495162156842522
CUST_0131,30,3,3235.33,15,30.13,10,53.89,128.3,215.68866666666665,0.23484021823850348,44.525483323434955,0,Premium Engaged Customers,Priority Customer Support Program,-0.7443528119269092,-1.5058060858383409
CUST_0132,49,13,6342.03,6,96.16,1,16.99,78.98,1057.0049999999999,1.2175234236515573,63.35046932653378,1,Occasional Users,Starter Learning & Service Package,0.5796325164285242,0.9137457948444055
CUST_0133,56,28,9162.6,11,61.57,8,46.68,65.64,832.9636363636364,0.937995124923827,71.71996004693382,1,Occasional Users,Priority Customer Support Program,1.455507732861461,0.7458409809829463
CUST_0134,49,57,1821.6,13,93.95,4,46.64,74.58,140.12307692307692,1.2597211048538484,55.0919108386169,0,Premium Engaged Customers,Starter Learning & Service Package,0.321059419248089,-0.7693477704525926
CUST_0135,21,60,1457.55,1,61.76,7,15.94,51.25,1457.55,1.2050731707317073,25.938059480017866,0,Premium Engaged Customers,Priority Customer Support Program,-2.6056646169406195,0.42312472476204144
CUST_0136,47,49,2932.15,6,53.14,1,41.39,40.93,488.69166666666666,1.298314194967017,36.74343707303379,0,Premium Engaged Customers,Starter Learning & Service Package,-1.3125704184312033,-0.35378715285216317
CUST_0137,54,25,7397.91,9,38.24,5,19.99,89.53,821.99,0.427119401317994,54.62904926798063,1,Occasional Users,Engagement Booster Program,-0.06744639900577802,0.28919027370247186
CUST_0138,40,56,6133.15,8,64.57,2,82.74,51.99,766.64375,1.2419696095402961,55.998420337849254,1,Occasional Users,Advanced Data Science / AI Learning Program,0.3883088148600302,0.4387213223255214
CUST_0139,56,33,1471.02,11,22.53,9,95.29,55.31,133.7290909090909,0.4073404447658651,29.174521031302312,0,Premium Engaged Customers,Advanced Data Science / AI Learning Program,-1.75461093407148,-1.564143209026046
CUST_0140,32,38,9228.13,19,90.84,4,16.51,119.93,485.6910526315789,0.7574418410739598,92.79939140378954,1,Occasional Users,Premium Membership & Advanced Services,3.2843746589916996,0.3390454098181199
CUST_0141,60,53,8005.8,9,84.64,7,95.96,174.49,889.5333333333333,0.48507077769499685,71.0394101216022,1,Occasional Users,Advanced Data Science / AI Learning Program,1.4237643212365132,1.165365645916681
CUST_0142,46,6,718.71,17,38.58,9,57.03,110.64,42.277058823529416,0.3486984815618221,39.9982549961447,0,Premium Engaged Customers,Priority Customer Support Program,-0.9922325355805932,-2.1538231680398208
CUST_0143,53,58,6687.99,12,95.75,0,36.96,18.47,557.3325,5.184082295614511,73.61165315017428,1,Occasional Users,Starter Learning & Service Package,1.865414909796417,0.4572981165625435
CUST_0144,30,44,7826.84,14,84.27,4,16.92,18.23,559.0600000000001,4.62260010970927,77.71167335221585,1,Occasional Users,Premium Membership & Advanced Services,2.088525573282813,0.3398665573019997
CUST_0145,49,45,4057.14,15,69.97,2,55.06,171.5,270.476,0.4079883381924198,59.81594786908771,1,Occasional Users,Starter Learning & Service Package,0.6358797178171766,-0.6415601970401313
CUST_0146,24,32,1154.75,16,20.96,3,81.51,57.03,72.171875,0.36752586358057165,34.935724744853765,0,Premium Engaged Customers,Advanced Data Science / AI Learning Program,-1.1426989959352711,-2.1313002338873814
CUST_0147,39,45,1234.55,20,53.04,1,73.64,21.11,61.7275,2.512553292278541,50.91874169953123,0,Premium Engaged Customers,Advanced Data Science / AI Learning Program,0.3263977321558207,-2.041371530970744
CUST_0148,45,47,1490.35,1,55.55,8,14.52,109.83,1490.35,0.5057816625694255,24.1986703403517,0,Premium Engaged Customers,Priority Customer Support Program,-2.8705462959016153,0.4006583949678904
CUST_0149,19,21,8484.18,10,30.93,2,16.56,114.14,848.418,0.2709830033292448,58.274770470088825,1,Occasional Users,Engagement Booster Program,0.23039471822622593,0.3089526063291425
CUST_0150,59,16,9151.52,8,17.2,1,46.26,118.49,1143.94,0.1451599291079416,53.80981303864081,1,Occasional Users,Engagement Booster Program,-0.10597988776091091,0.6173594233069946
CUST_0151,23,54,1666.7,18,79.91,9,36.58,51.8,92.59444444444445,1.5426640926640927,57.742589875276295,1,Occasional Users,Priority Customer Support Program,0.566351911723084,-1.38289065177254
CUST_0152,45,21,2741.11,1,20.98,10,30.91,7.64,2741.11,2.7460732984293195,18.791087939964214,0,Premium Engaged Customers,Priority Customer Support Program,-3.3567864495882453,0.7186305783672174
CUST_0153,45,11,2072.44,2,63.49,8,35.29,173.88,1036.22,0.36513687600644124,30.420267237979093,0,Premium Engaged Customers,Priority Customer Support Program,-2.3674215674288916,0.12487769981951082
CUST_0154,37,60,2270.05,1,94.28,6,82.31,48.91,2270.05,1.927622163156819,38.98622047952906,2,Learning-Focused Customers,Advanced Data Science / AI Learning Program,-1.4070085410775985,1.3425238721167398
CUST_0155,47,37,8456.16,1,88.85,5,93.63,123.3,8456.16,0.7206001622060015,62.11015650375069,2,Learning-Focused Customers,Advanced Data Science / AI Learning Program,-0.4386782192790526,5.769121210222964
CUST_0156,28,36,3655.39,9,35.0,0,46.46,128.66,406.15444444444444,0.2720348204570185,38.673770385146014,0,Premium Engaged Customers,Engagement Booster Program,-1.197261513829709,-0.6888964254108286
CUST_0157,45,35,3458.72,13,86.63,4,91.55,111.75,266.0553846153846,0.7752125279642058,59.4393734088708,1,Occasional Users,Advanced Data Science / AI Learning Program,0.71837771619794,-0.5632891927567011
CUST_0158,42,19,2660.26,1,10.03,10,38.93,59.76,2660.26,0.1678380187416332,15.168965302181231,0,Premium Engaged Customers,Priority Customer Support Program,-3.6905769649532827,0.5785513189519331
CUST_0159,56,20,6275.0,13,11.59,10,52.88,52.44,482.6923076923077,0.2210144927536232,48.10673525740808,0,Premium Engaged Customers,Priority Customer Support Program,-0.38506956096585276,-0.7349389641292255
CUST_0160,50,57,4103.4,20,64.23,2,30.34,109.59,205.17,0.5860936216808104,65.77201228745935,1,Occasional Users,Starter Learning & Service Package,1.2641132988082606,-1.0821756524781962
CUST_0161,18,18,7570.37,7,42.83,0,67.64,156.57,1081.4814285714285,0.27355176598326625,53.70198203263226,1,Occasional Users,Starter Learning & Service Package,-0.10484804685737212,0.5895552670404429
CUST_0162,44,47,2453.01,2,44.78,3,98.11,170.68,1226.505,0.26236231544410593,26.307374449168947,0,Premium Engaged Customers,Advanced Data Science / AI Learning Program,-2.3713687071682195,0.2619533931853297
CUST_0163,30,41,7984.0,6,60.8,1,64.31,23.53,1330.6666666666667,2.5839354016149594,59.27071262783564,1,Occasional Users,Starter Learning & Service Package,0.4995969202062296,1.0947970933966351
CUST_0164,58,49,6235.35,7,27.26,1,42.2,32.1,890.7642857142857,0.8492211838006231,43.66839126632127,0,Premium Engaged Customers,Engagement Booster Program,-0.7564410170418927,0.18636578689468317
CUST_0165,20,14,1585.54,14,29.06,2,68.3,170.33,113.25285714285714,0.17060999236775667,36.09994743158483,0,Premium Engaged Customers,Engagement Booster Program,-1.3191099928803098,-1.791581787554839
CUST_0166,56,15,4437.79,18,53.61,7,21.06,133.89,246.5438888888889,0.4004033161550527,60.911277676717624,1,Occasional Users,Priority Customer Support Program,0.6059394584509401,-1.1314985268683395
CUST_0167,23,31,8703.42,15,77.88,7,89.98,159.52,580.228,0.4882146439317953,80.79525549794111,1,Occasional Users,Advanced Data Science / AI Learning Program,2.3412013199394934,0.43115294757652445
CUST_0168,25,1,9268.12,2,65.75,6,55.28,40.46,4634.06,1.625061789421651,59.90146192979681,2,Learning-Focused Customers,Starter Learning & Service Package,-0.1813098977350611,3.279305468792382
CUST_0169,44,53,4924.15,10,36.76,5,50.44,107.83,492.41499999999996,0.34090698321431884,45.78210208637136,0,Premium Engaged Customers,Engagement Booster Program,-0.5984887573929305,-0.3148108145944613
CUST_0170,26,54,5067.95,12,48.73,8,62.73,127.7,422.32916666666665,0.3815974941268598,52.963439189376906,0,Premium Engaged Customers,Priority Customer Support Program,0.007610355834406444,-0.3328117114213672
CUST_0171,54,54,9225.32,17,25.36,3,66.23,124.02,542.6658823529411,0.2044831478793743,70.0632725230916,1,Occasional Users,Engagement Booster Program,1.595829254775645,-0.05426436594366359
CUST_0172,50,3,6077.15,8,16.72,0,16.46,76.43,759.64375,0.21876226612586677,41.36018491636624,0,Premium Engaged Customers,Engagement Booster Program,-1.128452956403249,-0.3335831824671414
CUST_0173,59,16,812.04,11,80.44,7,71.44,7.69,73.82181818181817,10.460338101430429,43.981504124504426,0,Premium Engaged Customers,Advanced Data Science / AI Learning Program,-0.56108815378451,-1.2781791208559352
CUST_0174,41,23,9171.12,3,33.88,6,31.77,107.01,3057.0400000000004,0.3166059246799365,51.41286206935597,2,Learning-Focused Customers,Engagement Booster Program,-0.7632995635506562,2.236143103095084
CUST_0175,32,57,2858.15,6,26.0,6,74.26,49.29,476.35833333333335,0.527490363156827,28.271735586889424,0,Premium Engaged Customers,Advanced Data Science / AI Learning Program,-1.960562717298333,-0.5977858809885049
CUST_0176,49,11,5987.5,9,72.25,2,84.03,83.79,665.2777777777778,0.8622747344551855,59.228947691364176,1,Occasional Users,Advanced Data Science / AI Learning Program,0.5632228227662812,0.13675171109959094
CUST_0177,49,12,2072.38,6,65.62,3,82.36,172.58,345.3966666666667,0.38022945880171516,37.061657776340375,0,Premium Engaged Customers,Advanced Data Science / AI Learning Program,-1.4122992391390845,-0.5628532389006442
CUST_0178,41,10,821.85,9,66.99,9,59.73,74.83,91.31666666666666,0.8952291861552852,36.96915662507572,0,Premium Engaged Customers,Priority Customer Support Program,-1.3544819509405528,-1.230369029013529
CUST_0179,58,32,3459.0,7,30.6,8,56.82,151.97,494.14285714285717,0.20135553069684808,33.56229347442083,0,Premium Engaged Customers,Priority Customer Support Program,-1.780279781774328,-0.4911799048141052
CUST_0180,29,16,7914.71,9,30.94,5,22.86,37.99,879.4122222222222,0.8144248486443801,54.49850334312718,1,Occasional Users,Engagement Booster Program,-0.026683571487244,0.21329448423046388
CUST_0181,56,8,3137.08,18,29.87,4,79.78,122.68,174.28222222222223,0.243478969677209,48.55392075660653,0,Premium Engaged Customers,Advanced Data Science / AI Learning Program,-0.14948486199976047,-1.7680569199004839
CUST_0182,19,38,2590.92,12,25.64,2,34.43,175.98,215.91,0.14569837481531994,36.093714243829176,0,Premium Engaged Customers,Engagement Booster Program,-1.4515325099604155,-1.2626307852316674
CUST_0183,20,12,2520.47,8,69.02,8,54.7,22.83,315.05875,3.023215067893123,42.87931817829691,0,Premium Engaged Customers,Priority Customer Support Program,-0.8538742020214806,-0.7435649467994733
CUST_0184,54,24,5394.15,8,86.32,4,35.58,6.46,674.26875,13.362229102167182,59.59246687557535,1,Occasional Users,Starter Learning & Service Package,0.5099971689307615,0.2807371163117849
CUST_0185,34,28,9767.64,18,75.19,4,22.04,80.88,542.6466666666666,0.929648862512364,88.74442850655558,1,Occasional Users,Premium Membership & Advanced Services,2.980695537643183,0.2956793564074597
CUST_0186,19,53,4860.4,20,81.29,3,66.66,21.21,243.01999999999998,3.8326261197548326,73.94094280947444,1,Occasional Users,Starter Learning & Service Package,2.140770642063691,-0.8885744347810078
CUST_0187,19,8,5794.4,15,46.43,3,14.89,135.97,386.2933333333333,0.3414723836140325,59.67818380007365,1,Occasional Users,Starter Learning & Service Package,0.4350479629818864,-0.7420101192759248
CUST_0188,45,58,8676.0,7,68.87,0,77.38,165.05,1239.4285714285713,0.4172674946985762,65.97138018855637,1,Occasional Users,Advanced Data Science / AI Learning Program,0.9779936302733133,1.4372022130213753
CUST_0189,40,28,5583.16,11,41.88,6,38.58,80.95,507.56,0.5173563928350834,51.46208513577694,0,Premium Engaged Customers,Starter Learning & Service Package,-0.1805314881367247,-0.36406024222395417
CUST_0190,54,36,2252.4,20,57.3,8,10.01,50.27,112.62,1.1398448378754724,56.27590444659941,0,Premium Engaged Customers,Priority Customer Support Program,0.3897399021440113,-1.703708268073436
CUST_0191,49,26,3346.16,16,53.35,2,56.0,81.02,209.135,0.6584793878054802,53.463753869687714,0,Premium Engaged Customers,Starter Learning & Service Package,0.2405208599430696,-1.2629710787585446
CUST_0192,50,8,3444.4,4,25.92,1,14.22,131.6,861.1,0.19696048632218846,27.594077496387282,0,Premium Engaged Customers,Engagement Booster Program,-2.444050804602619,-0.32149383630791906
CUST_0193,18,58,4274.52,6,44.84,2,34.86,6.58,712.4200000000001,6.814589665653496,39.61596493005014,0,Premium Engaged Customers,Starter Learning & Service Package,-1.0847122911870186,-0.058444760722922935
CUST_0194,36,60,4554.49,3,96.74,0,73.63,108.15,1518.1633333333332,0.8944983818770226,51.870632768037595,2,Learning-Focused Customers,Advanced Data Science / AI Learning Program,-0.2352734784742629,1.2943295477094214
CUST_0195,19,50,8097.93,9,32.37,5,15.64,112.33,899.77,0.2881687883913469,55.662599749088606,1,Occasional Users,Engagement Booster Program,0.00010920510813349304,0.5372936890315002
CUST_0196,43,28,3819.18,10,22.04,10,85.54,116.6,381.918,0.18902229845626073,36.92532647418243,0,Premium Engaged Customers,Advanced Data Science / AI Learning Program,-1.3191230102835592,-0.8666072659678321
CUST_0197,49,28,4948.2,14,47.67,10,10.34,47.35,353.4428571428571,1.0067581837381203,55.164835735097775,0,Premium Engaged Customers,Priority Customer Support Program,0.10233856784673465,-0.7250815959040786
CUST_0198,23,37,6437.27,11,81.13,6,32.21,129.96,585.2063636363637,0.6242690058479532,66.70410037134826,1,Occasional Users,Starter Learning & Service Package,0.9738936597408249,0.3345484032139986
CUST_0199,49,41,4088.4,18,62.39,10,76.68,20.99,227.13333333333333,2.9723677941877087,62.157702907504664,1,Occasional Users,Advanced Data Science / AI Learning Program,1.0583921488639987,-1.0873325733841963
CUST_0200,21,36,8447.37,12,71.29,10,38.46,39.87,703.9475000000001,1.7880611988964137,73.2852871825968,1,Occasional Users,Premium Membership & Advanced Services,1.6065254092014603,0.5526132867265223
CUST_0201,28,27,6080.81,12,27.07,1,19.17,158.56,506.7341666666667,0.17072401614530777,50.49261682077957,0,Premium Engaged Customers,Engagement Booster Program,-0.3433353096313554,-0.4638483154449041
CUST_0202,34,54,3293.42,13,65.71,7,42.42,134.28,253.34,0.48935061066428354,52.47592964875894,0,Premium Engaged Customers,Priority Customer Support Program,-0.05285187988011402,-0.6621690972934654
CUST_0203,55,17,7283.56,13,39.12,5,34.34,7.41,560.2738461538462,5.279352226720647,60.43645510794677,1,Occasional Users,Engagement Booster Program,0.6747760355119535,-0.2958998571640069
CUST_0204,41,9,5512.65,19,85.09,3,85.84,48.47,290.1394736842105,1.7555188776562825,76.19623896195469,1,Occasional Users,Advanced Data Science / AI Learning Program,2.246240991274482,-0.8293316149741496
CUST_0205,22,33,5577.33,19,66.64,4,38.2,42.52,293.5436842105263,1.5672624647224835,70.89733098723279,1,Occasional Users,Starter Learning & Service Package,1.689256457649222,-0.8698016356390181
CUST_0206,51,53,5070.34,14,27.9,7,81.0,52.39,362.1671428571429,0.5325443786982248,49.698278684672786,0,Premium Engaged Customers,Advanced Data Science / AI Learning Program,-0.021395402788307868,-0.790311673932011
CUST_0207,23,20,5221.61,4,15.82,2,90.27,48.32,1305.4025,0.32740066225165565,31.66481086180769,0,Premium Engaged Customers,Advanced Data Science / AI Learning Program,-1.7949963569873284,0.10350356051981832
CUST_0208,39,13,7770.88,13,13.84,2,49.04,15.94,597.76,0.8682559598494354,54.77171028930029,1,Occasional Users,Engagement Booster Program,0.27887192704740965,-0.4986110868200095
CUST_0209,28,28,1478.32,8,43.43,10,91.89,85.31,184.79,0.5090845152971516,30.999551803731073,0,Premium Engaged Customers,Advanced Data Science / AI Learning Program,-1.7623981526935102,-1.121719043103893
CUST_0210,33,48,3676.45,19,33.93,3,43.96,133.23,193.4973684210526,0.2546723710875929,53.435740622058944,0,Premium Engaged Customers,Engagement Booster Program,0.21706315170142748,-1.460519181320044
CUST_0211,50,29,1217.28,12,68.15,0,96.77,111.18,101.44,0.6129699586256521,43.40128107178744,0,Premium Engaged Customers,Advanced Data Science / AI Learning Program,-0.5256783761275008,-1.2733556222343299
CUST_0212,26,13,7655.84,18,54.94,8,18.04,122.75,425.32444444444445,0.4475763747454175,74.19202869806966,1,Occasional Users,Priority Customer Support Program,1.649128035020132,-0.42924373562391444
CUST_0213,23,46,3086.87,6,33.94,7,71.83,19.2,514.4783333333334,1.7677083333333332,31.57898407459312,0,Premium Engaged Customers,Advanced Data Science / AI Learning Program,-1.6999342195746354,-0.5472993502734284
CUST_0214,33,35,9025.59,18,23.43,7,54.44,171.51,501.4216666666667,0.13661011019765612,70.18247801177738,1,Occasional Users,Priority Customer Support Program,1.4285766633229242,-0.2729973456370935
CUST_0215,46,6,5502.5,19,21.45,9,44.89,151.74,289.60526315789474,0.1413602214313958,56.98501456046237,1,Occasional Users,Priority Customer Support Program,0.31258327233836136,-1.3451445560530457
CUST_0216,20,18,8107.12,5,87.82,5,66.94,145.89,1621.424,0.6019603811090548,66.40286661916632,1,Occasional Users,Premium Membership & Advanced Services,0.7547493676928773,1.624617365199882
CUST_0217,37,51,9799.85,9,31.91,6,73.35,149.02,1088.8722222222223,0.21413233123070727,62.335894103323255,1,Occasional Users,Advanced Data Science / AI Learning Program,0.6569671639551774,1.0246890899327614
CUST_0218,53,5,8477.99,3,68.65,5,10.39,168.22,2825.9966666666664,0.4080965402449174,59.11258186318948,2,Learning-Focused Customers,Starter Learning & Service Package,-0.2815415224639569,2.3018497754871405
CUST_0219,36,47,8736.44,10,82.96,8,25.03,100.24,873.644,0.8276137270550679,74.95769076879336,1,Occasional Users,Premium Membership & Advanced Services,1.600574599750029,1.105567255532585
CUST_0220,43,25,4375.85,19,65.27,2,74.17,40.05,230.30789473684212,1.629712858926342,65.6757663020739,1,Occasional Users,Advanced Data Science / AI Learning Program,1.4135159645570619,-1.2076586494872428
CUST_0221,20,2,5741.36,3,87.36,2,69.97,112.94,1913.7866666666666,0.7735080573755977,53.79544461355603,2,Learning-Focused Customers,Starter Learning & Service Package,-0.2908959771915625,1.3055593810916468
CUST_0222,36,10,2911.94,15,45.32,2,96.94,135.0,194.12933333333334,0.3357037037037037,47.80688920816439,0,Premium Engaged Customers,Advanced Data Science / AI Learning Program,-0.21098865708581935,-1.4380048363480975
CUST_0223,37,56,2363.07,1,96.06,9,78.49,134.14,2363.07,0.7161174891903982,39.89472749050324,2,Learning-Focused Customers,Advanced Data Science / AI Learning Program,-1.5269707428146815,1.5091658059282782
CUST_0224,49,30,5302.32,7,21.98,2,95.57,96.25,757.4742857142857,0.22836363636363638,38.343457200122224,0,Premium Engaged Customers,Advanced Data Science / AI Learning Program,-1.1354501331210027,-0.19950283964769094
CUST_0225,24,50,6152.97,12,19.19,8,73.23,16.98,512.7475000000001,1.130153121319199,48.40770185218254,0,Premium Engaged Customers,Advanced Data Science / AI Learning Program,-0.1915201176514235,-0.5082995107999251
CUST_0226,58,59,3723.08,17,69.28,3,36.82,69.94,219.00470588235294,0.9905633400057192,61.27103471966569,1,Occasional Users,Starter Learning & Service Package,0.8982909567492641,-0.8856905420592083
CUST_0227,50,45,5909.71,20,94.85,6,19.48,166.13,295.4855,0.5709384217179317,82.22550896275416,1,Occasional Users,Starter Learning & Service Package,2.3994595905849825,-0.3418281855899668
CUST_0228,57,5,8930.87,5,82.8,8,80.36,107.28,1786.1740000000002,0.7718120805369127,68.18769097204898,1,Occasional Users,Advanced Data Science / AI Learning Program,0.9203541384686952,1.7733074916920244
CUST_0229,56,55,5788.86,4,16.88,10,67.97,99.21,1447.215,0.170144138695696,34.254514051324264,0,Premium Engaged Customers,Priority Customer Support Program,-1.787109801589538,0.6598409981022463
CUST_0230,35,56,7347.72,12,35.14,6,14.34,52.05,612.3100000000001,0.6751200768491835,57.994337227948,1,Occasional Users,Engagement Booster Program,0.37284777417894394,0.039810313169412255
CUST_0231,57,33,8150.49,20,93.73,8,42.4,69.48,407.5245,1.3490213010938399,90.85675242815776,1,Occasional Users,Premium Membership & Advanced Services,3.253518727603844,0.0054357051459119204
CUST_0232,18,54,9892.92,18,32.78,2,96.11,161.69,549.6066666666667,0.20273362607458717,76.47047732914997,1,Occasional Users,Advanced Data Science / AI Learning Program,2.192973369271556,0.05891099985305316
CUST_0233,28,1,6230.38,17,80.31,3,55.04,121.63,366.4929411764706,0.6602811806297789,74.62901918504541,1,Occasional Users,Starter Learning & Service Package,1.8425705072266896,-0.5246100135644984
CUST_0234,45,18,8165.08,19,84.26,7,48.95,142.79,429.74105263157895,0.5900973457525037,86.56245222939212,1,Occasional Users,Premium Membership & Advanced Services,2.782437558403781,-0.04292509299420815
CUST_0235,42,32,9645.17,9,54.59,5,51.19,84.51,1071.6855555555555,0.6459590580996332,68.54880522195403,1,Occasional Users,Starter Learning & Service Package,1.15855867084298,1.051860676404923
CUST_0236,40,47,9471.89,4,44.77,4,28.8,115.29,2367.9725,0.38832509324312603,57.397131058672855,2,Learning-Focused Customers,Starter Learning & Service Package,-0.10888714380564089,2.1012040427991585
CUST_0237,48,49,1840.28,2,50.51,3,43.18,48.47,920.14,1.0420878894161336,25.581025575087175,0,Premium Engaged Customers,Starter Learning & Service Package,-2.401097801493866,-0.047519343975284546
CUST_0238,47,11,4360.73,4,30.43,7,43.28,128.46,1090.1825,0.23688307644402926,32.62021952309122,0,Premium Engaged Customers,Priority Customer Support Program,-2.0421166979071415,0.07057475909138626
CUST_0239,59,21,3577.91,2,90.05,0,14.71,79.83,1788.955,1.1280220468495552,44.44665023742189,0,Premium Engaged Customers,Starter Learning & Service Package,-1.127215953295333,1.0427885273033877
CUST_0240,52,26,1325.79,15,50.56,8,79.08,82.45,88.386,0.6132201334141905,43.0368629645159,0,Premium Engaged Customers,Advanced Data Science / AI Learning Program,-0.6264399670116326,-1.6502416147362495
CUST_0241,24,25,6515.79,2,89.42,0,47.49,118.63,3257.895,0.7537722329933407,56.0156120135301,2,Learning-Focused Customers,Starter Learning & Service Package,-0.32226630195770534,2.415503651170978
CUST_0242,33,22,7491.09,4,19.51,7,84.0,168.85,1872.7725,0.11554634290790644,41.85986551440948,2,Learning-Focused Customers,Advanced Data Science / AI Learning Program,-1.2905095735490728,1.0754321327661385
CUST_0243,43,59,8557.22,6,98.94,3,86.53,16.2,1426.2033333333331,6.107407407407408,73.05410665295393,1,Occasional Users,Advanced Data Science / AI Learning Program,1.7031048655786252,1.7736758288056762
CUST_0244,19,27,1666.38,7,49.89,8,29.08,149.33,238.05428571428573,0.3340922788455099,32.198232474755564,0,Premium Engaged Customers,Priority Customer Support Program,-1.969845206424317,-0.8593826409696145
CUST_0245,18,49,8826.22,10,14.3,10,69.16,56.17,882.622,0.2545842976677942,54.63423192608411,1,Occasional Users,Priority Customer Support Program,0.12745913504646889,0.36463067119022247
CUST_0246,29,13,6607.79,19,13.42,4,52.51,82.69,347.7784210526316,0.1622929011972427,58.9899732584818,1,Occasional Users,Engagement Booster Program,0.6720673603255329,-1.2574237121835703
CUST_0247,22,33,7187.49,19,77.16,2,89.21,8.83,378.288947368421,8.738391845979615,80.51092084055024,1,Occasional Users,Advanced Data Science / AI Learning Program,2.710563808666251,-0.45702749895724215
CUST_0248,54,34,9150.93,12,69.31,8,29.42,57.68,762.5775,1.2016296809986131,75.50481076131824,1,Occasional Users,Priority Customer Support Program,1.7584141440430197,0.7415710049185663
CUST_0249,49,41,6435.23,3,82.19,10,71.0,92.96,2145.0766666666664,0.8841437177280551,55.01524452561719,2,Learning-Focused Customers,Advanced Data Science / AI Learning Program,-0.222526789991609,1.8123575682057895
CUST_0250,26,35,3690.73,13,19.48,8,64.7,14.83,283.9023076923077,1.313553607552259,40.14004904393364,0,Premium Engaged Customers,Priority Customer Support Program,-0.8706135509990475,-1.281232711406878
CUST_0251,58,1,8338.52,18,13.2,3,36.58,90.94,463.25111111111113,0.145150648779415,64.3508748288509,1,Occasional Users,Engagement Booster Program,1.0081547050881299,-0.8026391393016172
CUST_0252,52,21,3949.06,8,55.77,10,22.29,167.24,493.6325,0.33347285338435784,44.605824356112485,0,Premium Engaged Customers,Priority Customer Support Program,-1.0474740057549616,-0.24095795950458287
CUST_0253,36,48,825.17,15,44.88,3,68.65,23.44,55.01133333333333,1.9146757679180888,39.32213752424026,0,Premium Engaged Customers,Starter Learning & Service Package,-0.7695347412827348,-1.8038582506517769
CUST_0254,33,55,8391.22,1,51.58,7,76.47,138.78,8391.22,0.37166738723158954,50.62320608673385,2,Learning-Focused Customers,Advanced Data Science / AI Learning Program,-1.4414199816076605,5.459633836474826
CUST_0255,20,6,3779.33,3,99.24,1,38.41,76.69,1259.7766666666666,1.2940409440605034,49.52117546483411,0,Premium Engaged Customers,Starter Learning & Service Package,-0.5890108809627637,0.6783777039050859
CUST_0256,37,28,7851.43,8,97.37,8,68.03,119.66,981.42875,0.8137222129366539,72.75627311763458,1,Occasional Users,Premium Membership & Advanced Services,1.4434234062874354,1.1778558565859858
CUST_0257,41,17,3946.2,4,94.81,5,45.56,50.54,986.55,1.8759398496240602,50.35459421688291,0,Premium Engaged Customers,Starter Learning & Service Package,-0.4324701365115508,0.5339617805716411
CUST_0258,50,5,8680.15,16,80.55,8,74.19,32.91,542.509375,2.447584320875114,83.00641593195175,1,Occasional Users,Advanced Data Science / AI Learning Program,2.61374131609763,0.12920003307287137
CUST_0259,41,31,2585.35,10,41.94,7,27.93,33.08,258.53499999999997,1.2678355501813785,37.98155209481572,0,Premium Engaged Customers,Priority Customer Support Program,-1.2497049731303185,-1.0396513036255126
CUST_0260,28,5,9758.2,12,47.09,6,90.12,17.34,813.1833333333334,2.715686274509804,71.24194001597552,1,Occasional Users,Advanced Data Science / AI Learning Program,1.6337886111119062,0.38499909197089227
CUST_0261,25,38,7907.71,14,59.47,0,35.87,37.49,564.8364285714285,1.5862896772472659,70.56472250967816,1,Occasional Users,Starter Learning & Service Package,1.5880040296468274,0.04801208485119882
CUST_0262,53,3,1585.26,14,84.75,2,43.1,121.24,113.23285714285714,0.6990267238535137,52.87460744435592,0,Premium Engaged Customers,Starter Learning & Service Package,0.01581770857058259,-1.2796547295645457
CUST_0263,55,53,5874.88,2,16.18,10,15.23,159.3,2937.44,0.10156936597614563,31.387940901607752,2,Learning-Focused Customers,Priority Customer Support Program,-2.5300184320933488,1.6801037265137106
CUST_0264,57,23,9860.99,5,48.19,1,20.04,147.47,1972.1979999999999,0.3267783277954838,61.484711193453975,2,Learning-Focused Customers,Starter Learning & Service Package,0.22678132988217903,1.8230835619451695
CUST_0265,37,37,4975.12,5,17.44,4,56.43,124.9,995.024,0.13963170536429143,32.66624591372986,0,Premium Engaged Customers,Engagement Booster Program,-1.863514917036231,0.046298978342242086
CUST_0266,52,53,2230.02,6,56.32,4,34.08,24.33,371.67,2.314837648993013,34.891119085063806,0,Premium Engaged Customers,Starter Learning & Service Package,-1.4844328147326575,-0.48856626884132937
CUST_0267,42,37,5105.39,13,90.9,4,85.19,55.61,392.7223076923077,1.6345980938680094,67.31637383732966,1,Occasional Users,Advanced Data Science / AI Learning Program,1.4053106022360637,-0.16548227530599693
CUST_0268,52,10,5368.35,9,80.42,3,11.32,59.22,596.4833333333333,1.357987166497805,59.21191659565307,1,Occasional Users,Starter Learning & Service Package,0.34339723007476564,0.06656229653327071
CUST_0269,42,10,7546.03,15,30.51,4,44.12,48.74,503.0686666666667,0.6259745588838737,61.893346231324664,1,Occasional Users,Engagement Booster Program,0.8184904158641181,-0.5403501934523713
CUST_0270,46,19,7139.04,14,97.84,2,40.36,95.13,509.93142857142857,1.0284873331230948,79.04654289282972,1,Occasional Users,Premium Membership & Advanced Services,2.1592919869457994,0.24189741292043404
CUST_0271,35,17,4324.23,7,70.06,0,11.74,98.72,617.7471428571428,0.7096839546191248,48.912075400881136,0,Premium Engaged Customers,Starter Learning & Service Package,-0.5450010007532433,-0.049277826906748
CUST_0272,35,21,2571.22,20,10.94,4,21.19,67.46,128.56099999999998,0.16217017491847022,43.58671039361074,0,Premium Engaged Customers,Engagement Booster Program,-0.6062613191034097,-2.234118650436144
CUST_0273,19,14,6628.01,2,32.99,8,47.23,66.91,3314.005,0.4930503661635033,39.466073147123005,2,Learning-Focused Customers,Priority Customer Support Program,-1.7404720319588185,1.8176813575787196
CUST_0274,52,9,4506.19,7,33.46,8,54.36,150.0,643.7414285714285,0.22306666666666666,38.61515923553445,0,Premium Engaged Customers,Priority Customer Support Program,-1.43781853272426,-0.3152834478581176
CUST_0275,33,46,1756.62,6,16.23,3,46.39,143.13,292.77,0.1133934185705303,20.919841994150186,0,Premium Engaged Customers,Engagement Booster Program,-2.738538340965015,-0.9994041098690924
CUST_0276,58,1,9055.44,17,96.38,2,57.78,58.86,532.6729411764707,1.637444784233775,90.77704926981407,1,Occasional Users,Premium Membership & Advanced Services,3.258110708831551,0.26555525820816794
CUST_0277,53,51,7066.61,2,53.04,0,63.56,164.91,3533.305,0.32162997998908494,47.26131403894763,2,Learning-Focused Customers,Starter Learning & Service Package,-1.023680469302251,2.526010417193949
CUST_0278,50,45,6990.25,3,90.62,1,10.89,171.74,2330.0833333333335,0.5276580878071503,59.77610007972147,2,Learning-Focused Customers,Starter Learning & Service Package,-0.035243979882824746,2.1732777891768333
CUST_0279,21,13,8314.55,5,39.0,7,51.77,62.18,1662.9099999999999,0.6272113219684786,52.52680056740701,2,Learning-Focused Customers,Priority Customer Support Program,-0.35145166283268925,1.0945049031094496
CUST_0280,50,4,5531.79,5,21.27,0,96.71,67.02,1106.358,0.31736794986571176,36.048024229421294,0,Premium Engaged Customers,Advanced Data Science / AI Learning Program,-1.38857552573396,-0.017040730333263296
CUST_0281,31,1,8243.02,1,52.69,7,56.71,93.49,8243.02,0.5635896887367633,50.364412804688506,2,Learning-Focused Customers,Priority Customer Support Program,-1.5495140140642576,5.006001826179867
CUST_0282,38,49,5231.86,8,20.26,6,70.98,169.7,653.9825,0.119387153800825,39.04331973437474,0,Premium Engaged Customers,Advanced Data Science / AI Learning Program,-1.2513544703721715,-0.15816352157204153
CUST_0283,37,40,1138.17,12,53.74,7,38.07,158.36,94.84750000000001,0.3393533720636524,38.743849389455434,0,Premium Engaged Customers,Priority Customer Support Program,-1.2490381421096441,-1.280712935981071
CUST_0284,25,32,4349.86,4,92.83,5,79.66,22.95,1087.465,4.044880174291939,51.37378078868209,0,Premium Engaged Customers,Advanced Data Science / AI Learning Program,-0.1845255601181876,0.677552482959904
CUST_0285,24,34,5225.92,13,56.87,8,79.56,73.73,401.99384615384616,0.7713278177132781,57.54776082107747,1,Occasional Users,Advanced Data Science / AI Learning Program,0.4986340688000005,-0.48153698409768164
CUST_0286,20,28,7341.92,15,65.48,2,56.92,101.84,489.46133333333336,0.6429693637077769,71.61059480891787,1,Occasional Users,Starter Learning & Service Package,1.6366644079541375,-0.11615418529685012
CUST_0287,34,31,1512.5,11,24.1,9,97.84,93.05,137.5,0.2590005373455132,29.81348201887735,0,Premium Engaged Customers,Advanced Data Science / AI Learning Program,-1.7561803879537716,-1.541185324004097
CUST_0288,50,8,1830.18,10,13.94,3,21.3,38.93,183.018,0.35807860262008734,26.524434472491986,0,Premium Engaged Customers,Engagement Booster Program,-2.1880920988305004,-1.6617287523438977
CUST_0289,29,39,3005.0,3,19.97,5,11.53,155.29,1001.6666666666666,0.12859810676798247,22.543049037591555,0,Premium Engaged Customers,Engagement Booster Program,-2.9419019547937153,-0.1149815730721153
CUST_0290,39,26,3031.73,14,63.87,7,79.31,123.46,216.55214285714285,0.5173335493277175,52.374254025931144,0,Premium Engaged Customers,Advanced Data Science / AI Learning Program,0.05254135151945885,-1.01027164018523
CUST_0291,39,58,7455.75,16,18.55,4,82.64,151.63,465.984375,0.12233726835059026,59.42923300483363,1,Occasional Users,Advanced Data Science / AI Learning Program,0.7219850184997928,-0.41291742203207155
CUST_0292,47,34,2881.94,10,43.84,2,20.82,155.28,288.194,0.28232869654817105,39.740987588530174,0,Premium Engaged Customers,Starter Learning & Service Package,-1.2253702584187187,-0.831256877372872
CUST_0293,55,54,6514.43,10,59.51,5,33.9,135.96,651.443,0.4377022653721682,59.00022791421385,1,Occasional Users,Starter Learning & Service Package,0.368573116965128,0.3762897741396231
CUST_0294,55,54,5195.6,12,44.98,3,11.58,81.86,432.9666666666667,0.5494747129245052,52.34472140128399,0,Premium Engaged Customers,Starter Learning & Service Package,-0.07424614512551256,-0.3626439265864036
CUST_0295,25,3,5946.3,9,24.73,8,36.4,111.85,660.7,0.22109968708091196,44.749356212054295,0,Premium Engaged Customers,Priority Customer Support Program,-0.9198996779492964,-0.35735516987691224
CUST_0296,44,59,8462.02,1,34.64,2,79.58,33.06,8462.02,1.0477918935269206,45.80365809824624,2,Learning-Focused Customers,Advanced Data Science / AI Learning Program,-1.6040178154506446,5.238208781178353
CUST_0297,44,50,4341.62,5,93.55,3,56.62,122.89,868.324,0.7612498982830173,53.057689784716885,0,Premium Engaged Customers,Starter Learning & Service Package,-0.14533283857128573,0.7124339363845905
CUST_0298,51,12,7823.66,20,70.84,6,41.33,36.37,391.183,1.947759142150124,82.65335863102162,1,Occasional Users,Premium Membership & Advanced Services,2.6172392060890184,-0.4801757046788534
CUST_0299,38,1,4509.34,8,54.64,6,43.46,126.44,563.6675,0.43214172730148687,46.50792562715443,0,Premium Engaged Customers,Starter Learning & Service Package,-0.7575011793499296,-0.31078873487290387
CUST_0300,47,54,3861.78,11,11.14,3,10.12,45.18,351.0709090909091,0.24656927844178841,35.31236896906252,0,Premium Engaged Customers,Engagement Booster Program,-1.4293225900881847,-0.9923718509523475
CUST_0301,50,44,9606.96,12,99.32,5,36.98,25.57,800.5799999999999,3.8842393429800546,86.37011572258695,1,Occasional Users,Premium Membership & Advanced Services,2.7687467757829003,1.1629634434479517
CUST_0302,45,5,2251.52,1,70.43,2,68.18,33.92,2251.52,2.076356132075472,31.72759867117904,0,Premium Engaged Customers,Starter Learning & Service Package,-2.0672511658310393,0.734844493880188
CUST_0303,50,30,1358.2,20,38.52,5,97.68,5.35,67.91,7.200000000000001,47.03971244469217,0,Premium Engaged Customers,Advanced Data Science / AI Learning Program,0.030682769127603985,-2.2350199128112926
CUST_0304,22,30,7824.37,11,89.13,1,86.24,130.78,711.3063636363636,0.6815262272518733,74.66578969204933,1,Occasional Users,Advanced Data Science / AI Learning Program,1.8461121642992948,0.6691944643431236
CUST_0305,36,59,1148.37,5,33.26,7,12.12,133.17,229.67399999999998,0.24975595104002404,22.115380350212405,0,Premium Engaged Customers,Priority Customer Support Program,-2.7891337979110484,-0.7956696671903837
CUST_0306,21,57,8452.25,15,58.96,1,90.87,95.11,563.4833333333333,0.6199137840395332,74.09059083906196,1,Occasional Users,Advanced Data Science / AI Learning Program,2.024220662541532,0.2251842427318991
CUST_0307,52,17,4653.34,5,67.25,10,80.49,33.24,930.668,2.023164861612515,46.38285366246907,0,Premium Engaged Customers,Advanced Data Science / AI Learning Program,-0.6510778964003752,0.3037140592314302
CUST_0308,34,48,9197.38,12,29.9,6,80.23,19.62,766.4483333333333,1.5239551478083586,63.81905104976949,1,Occasional Users,Advanced Data Science / AI Learning Program,1.0817202581880936,0.3359851454481369
CUST_0309,45,47,7354.56,5,98.06,8,51.22,8.35,1470.912,11.7437125748503,66.47542424917762,1,Occasional Users,Premium Membership & Advanced Services,0.935955817965667,1.5921236446884361
CUST_0310,47,23,6298.84,17,77.34,0,45.82,34.01,370.52,2.2740370479270804,74.00835928673399,1,Occasional Users,Starter Learning & Service Package,1.971508153184137,-0.4876146451621763
CUST_0311,46,15,9518.41,17,60.2,7,37.26,160.9,559.9064705882353,0.37414543194530764,81.73138241582612,1,Occasional Users,Priority Customer Support Program,2.2613821402219902,0.20600251776702336
CUST_0312,23,37,4268.17,12,26.25,6,15.91,47.27,355.68083333333334,0.5553204992595726,42.99058948954373,0,Premium Engaged Customers,Engagement Booster Program,-0.8470004438774095,-0.9382138142906469
CUST_0313,52,21,9563.83,15,14.85,5,30.54,67.0,637.5886666666667,0.2216417910447761,65.25216389430035,1,Occasional Users,Engagement Booster Program,1.0161693932444202,-0.11908200724701427
CUST_0314,58,14,1782.51,15,38.81,5,32.19,23.44,118.834,1.655716723549488,41.32535335878879,0,Premium Engaged Customers,Engagement Booster Program,-0.8233983277035032,-1.7863398861947732
CUST_0315,54,2,5095.67,6,77.79,5,53.57,43.91,849.2783333333333,1.7715782281940335,52.828278264430814,0,Premium Engaged Customers,Starter Learning & Service Package,-0.1554795554216142,0.2842099654548902
CUST_0316,41,11,3064.16,12,34.24,8,77.27,95.86,255.34666666666666,0.35718756519924894,40.57845878369419,0,Premium Engaged Customers,Advanced Data Science / AI Learning Program,-0.9663897536176994,-1.2428790560158194
CUST_0317,46,51,5628.51,20,58.56,1,52.64,111.36,281.4255,0.5258620689655172,70.16819744734654,1,Occasional Users,Starter Learning & Service Package,1.6893992512019775,-0.8469349392799008
CUST_0318,48,39,2039.13,18,75.52,0,15.21,47.94,113.28500000000001,1.5753024614100959,57.910803195407176,1,Occasional Users,Starter Learning & Service Package,0.6171516665963891,-1.4538626403412789
CUST_0319,52,38,8494.53,14,19.71,5,96.2,15.1,606.7521428571429,1.3052980132450331,60.93633848990289,1,Occasional Users,Advanced Data Science / AI Learning Program,0.9707053944177683,-0.19862517717694392
CUST_0320,50,60,8540.87,2,71.68,9,94.85,73.43,4270.435,0.9761677788369876,58.776998634546885,2,Learning-Focused Customers,Advanced Data Science / AI Learning Program,-0.06221772559368771,3.4151997918682477
CUST_0321,38,34,9574.74,9,18.27,10,80.67,45.99,1063.86,0.3972602739726027,57.32605462378662,1,Occasional Users,Advanced Data Science / AI Learning Program,0.331274795413853,0.6506986722805398
CUST_0322,49,38,1969.39,5,96.86,7,99.22,43.42,393.87800000000004,2.230769230769231,44.56002806940451,0,Premium Engaged Customers,Advanced Data Science / AI Learning Program,-0.6023181723778638,-0.11294672748612979
CUST_0323,40,50,6421.66,20,53.96,2,59.0,172.98,321.08299999999997,0.31194357729217254,71.95706532723635,1,Occasional Users,Starter Learning & Service Package,1.7495796324691795,-0.6634986497271981
CUST_0324,50,34,5005.25,1,23.56,9,96.65,112.85,5005.25,0.20877270713336288,28.630398548693233,2,Learning-Focused Customers,Advanced Data Science / AI Learning Program,-2.7411860742027323,2.562650616862666
CUST_0325,20,18,3771.65,3,40.81,0,16.8,102.45,1257.2166666666667,0.39834065397755003,31.889271815585808,0,Premium Engaged Customers,Starter Learning & Service Package,-2.094335656089659,0.16991535492461704
CUST_0326,35,30,3839.63,6,47.21,8,42.91,77.76,639.9383333333334,0.6071244855967078,38.58926328511464,0,Premium Engaged Customers,Priority Customer Support Program,-1.3653942837096265,-0.19792294148649786
CUST_0327,42,15,4421.54,5,78.24,0,30.28,80.07,884.308,0.9771449981266392,48.76565736264165,0,Premium Engaged Customers,Starter Learning & Service Package,-0.5499684670728409,0.3197267789368297
CUST_0328,59,27,7196.79,5,76.91,2,27.62,99.66,1439.358,0.7717238611278346,59.47283492944274,1,Occasional Users,Premium Membership & Advanced Services,0.21476297014123685,1.2836260017808607
CUST_0329,48,51,6183.72,1,65.07,7,22.67,126.88,6183.72,0.5128467843631778,45.851442145955566,2,Learning-Focused Customers,Priority Customer Support Program,-1.7054618886377562,3.980237985645684
CUST_0330,20,34,4866.97,17,19.53,2,66.02,127.88,286.2923529411765,0.15272130121989366,50.862961417402566,0,Premium Engaged Customers,Engagement Booster Program,0.02052786764335672,-1.2879686529399357
CUST_0331,57,52,1221.37,19,23.64,3,80.32,35.05,64.28263157894736,0.6744650499286734,40.509678434978,0,Premium Engaged Customers,Advanced Data Science / AI Learning Program,-0.5498997599301614,-2.182661482811595
CUST_0332,41,57,1238.77,14,18.44,7,62.05,92.52,88.48357142857142,0.19930825767401644,31.512898864073648,0,Premium Engaged Customers,Priority Customer Support Program,-1.5868201310379881,-1.745853456336833
CUST_0333,49,38,522.22,12,61.95,0,23.23,77.09,43.51833333333334,0.8036061746011156,38.75167556032331,0,Premium Engaged Customers,Starter Learning & Service Package,-1.081289427527758,-1.4627964218203118
CUST_0334,39,33,9693.14,10,88.94,5,83.0,157.34,969.314,0.5652726579382229,80.5882275488613,1,Occasional Users,Advanced Data Science / AI Learning Program,2.1806895454360715,1.346860719312864
CUST_0335,40,24,549.91,20,49.04,0,67.24,115.5,27.4955,0.42458874458874457,46.97355893558508,0,Premium Engaged Customers,Starter Learning & Service Package,-0.1695137258622456,-2.272970292982975
CUST_0336,19,15,1479.39,18,24.48,0,44.93,98.19,82.18833333333333,0.24931255728689278,40.29542997498666,0,Premium Engaged Customers,Engagement Booster Program,-0.8350584642984227,-2.247711759628457
CUST_0337,44,60,3488.67,11,60.22,7,70.67,25.19,317.1518181818182,2.390631202858277,48.60362897732352,0,Premium Engaged Customers,Advanced Data Science / AI Learning Program,-0.1589793453531697,-0.5630256429423275
CUST_0338,59,30,8170.59,2,83.06,10,33.39,110.99,4085.295,0.7483557077214164,60.723023693752495,2,Learning-Focused Customers,Premium Membership & Advanced Services,-0.20806716213451149,3.25937247818506
CUST_0339,19,55,9639.94,18,76.75,3,41.07,25.51,535.5522222222222,3.008624068992552,88.70324138213552,1,Occasional Users,Premium Membership & Advanced Services,3.1807953540593776,0.35513430661974804
CUST_0340,43,42,8005.13,7,89.33,0,92.57,64.01,1143.59,1.3955631932510544,69.44952092411229,1,Occasional Users,Advanced Data Science / AI Learning Program,1.4329524301303782,1.2626120044442122
CUST_0341,34,51,7060.32,15,35.01,9,36.15,30.0,470.688,1.167,61.30487038159815,1,Occasional Users,Priority Customer Support Program,0.7778041061450374,-0.3608452195557412
CUST_0342,57,17,5452.36,11,27.46,6,52.3,126.11,495.66909090909087,0.21774641186265958,46.59475407417173,0,Premium Engaged Customers,Engagement Booster Program,-0.6082226489807497,-0.5497250822100199
CUST_0343,50,5,1323.7,18,89.18,4,90.11,41.09,73.53888888888889,2.1703577512776833,59.162195990788376,1,Occasional Users,Advanced Data Science / AI Learning Program,0.8637035069217066,-1.682201951483194
CUST_0344,26,29,9602.62,12,69.18,4,73.69,73.58,800.2183333333334,0.9402011416145692,77.27352023522903,1,Occasional Users,Advanced Data Science / AI Learning Program,2.0657301484871904,0.7602001610558606
CUST_0345,60,4,7704.73,6,37.98,0,15.6,161.74,1284.1216666666667,0.23482131816495608,51.278762164286576,0,Premium Engaged Customers,Engagement Booster Program,-0.5494645952424505,0.7438588342780671
CUST_0346,56,10,6570.02,20,76.81,9,23.26,40.76,328.50100000000003,1.8844455348380766,79.43409113020678,1,Occasional Users,Priority Customer Support Program,2.2487931154016048,-0.6788538394053527
CUST_0347,46,56,7710.84,13,83.36,10,10.71,93.87,593.1415384615385,0.8880366464259081,75.47326437315934,1,Occasional Users,Premium Membership & Advanced Services,1.6952387249033527,0.6056301809432627
CUST_0348,59,17,7378.98,20,65.35,5,66.78,78.37,368.94899999999996,0.8338649993620006,79.2197653259091,1,Occasional Users,Starter Learning & Service Package,2.393101072568981,-0.5733919776624923
CUST_0349,43,10,6553.7,16,71.91,8,50.29,8.17,409.60625,8.80171358629131,71.8927192112304,1,Occasional Users,Priority Customer Support Program,1.6844618646570393,-0.4521666865521545
CUST_0350,52,17,9815.48,18,43.77,8,22.08,143.73,545.3044444444445,0.30452932581924447,79.47110037039798,1,Occasional Users,Priority Customer Support Program,2.065803798645143,0.02772003183332499
CUST_0351,42,60,9081.96,10,58.48,7,96.21,17.08,908.1959999999999,3.4238875878220143,68.96638552639249,1,Occasional Users,Advanced Data Science / AI Learning Program,1.5052515432205178,0.9123482453012434
CUST_0352,41,20,6643.32,8,57.17,4,57.67,87.99,830.415,0.6497329241959314,55.81121461333559,1,Occasional Users,Starter Learning & Service Package,0.1346163401183811,0.3456609359835564
CUST_0353,30,24,7085.16,18,86.32,0,31.77,103.12,393.62,0.8370830100853374,81.36066254771805,1,Occasional Users,Premium Membership & Advanced Services,2.444296661393425,-0.24368210338509777
CUST_0354,24,5,990.16,1,85.6,8,55.05,114.97,990.16,0.7445420544489867,31.2487947850005,0,Premium Engaged Customers,Priority Customer Support Program,-2.186337792617484,0.060767844275827
CUST_0355,53,34,6864.22,8,84.94,0,71.17,125.51,858.0275,0.6767588239980877,65.0606551977086,1,Occasional Users,Advanced Data Science / AI Learning Program,0.9634906040566591,0.7935386675120789
CUST_0356,37,6,919.57,6,10.99,7,16.86,49.32,153.26166666666668,0.22283049472830496,15.99111320220683,0,Premium Engaged Customers,Priority Customer Support Program,-3.223514920633007,-1.5798492536629514
CUST_0357,18,53,6088.51,5,77.46,4,34.72,6.75,1217.702,11.475555555555555,55.202670606536216,1,Occasional Users,Starter Learning & Service Package,0.05850583221213712,0.9705071980109652
CUST_0358,25,2,9993.86,15,78.28,2,82.63,131.6,666.2573333333333,0.5948328267477204,86.0806807912441,1,Occasional Users,Advanced Data Science / AI Learning Program,2.792968774882995,0.5154033557253803
CUST_0359,33,13,5780.16,15,71.05,10,51.37,98.74,385.344,0.7195665383836338,67.03759607495297,1,Occasional Users,Priority Customer Support Program,1.1218378348073403,-0.44837720422602767
CUST_0360,31,43,4995.5,2,78.06,6,59.19,151.32,2497.75,0.5158604282315623,46.50868556297885,2,Learning-Focused Customers,Starter Learning & Service Package,-1.0517899540644162,1.7685593432613953
CUST_0361,29,43,3472.12,1,85.78,6,48.95,148.74,3472.12,0.5767110393976065,41.23695653529298,2,Learning-Focused Customers,Starter Learning & Service Package,-1.6687295880035533,2.136683298899533
CUST_0362,40,48,1644.96,11,52.33,8,13.95,152.58,149.54181818181817,0.34296762354174853,38.84751339049257,0,Premium Engaged Customers,Priority Customer Support Program,-1.34020889449513,-1.0288954518747895
CUST_0363,32,11,7444.72,10,55.18,6,24.92,89.89,744.472,0.6138613861386139,61.41932628409121,1,Occasional Users,Starter Learning & Service Package,0.48704559197293973,0.25195367065432683
CUST_0364,45,51,2329.69,18,21.22,10,50.1,63.38,129.4272222222222,0.334805932470811,42.716693286951,0,Premium Engaged Customers,Priority Customer Support Program,-0.6441120335310042,-1.8122976625670872
CUST_0365,51,47,1595.18,18,44.68,2,28.83,143.52,88.62111111111112,0.31131549609810477,46.84382281792413,0,Premium Engaged Customers,Starter Learning & Service Package,-0.3800008710098837,-1.722457877929487
CUST_0366,19,57,4506.75,17,67.9,10,14.5,83.98,265.1029411764706,0.8085258394855919,63.99193620768281,1,Occasional Users,Priority Customer Support Program,0.9073736738039911,-0.7114227775136343
CUST_0367,49,23,8055.75,8,80.24,0,85.93,37.1,1006.96875,2.1628032345013475,68.41389859362201,1,Occasional Users,Advanced Data Science / AI Learning Program,1.3695373091694452,0.9031603156699386
CUST_0368,40,55,7578.11,15,29.55,7,98.31,154.62,505.20733333333334,0.1911136980985642,61.73255940699954,1,Occasional Users,Advanced Data Science / AI Learning Program,0.8830352738740522,-0.17832990709354357
CUST_0369,39,16,1021.38,8,22.4,2,81.38,159.45,127.6725,0.14048291000313579,22.835695478706825,0,Premium Engaged Customers,Advanced Data Science / AI Learning Program,-2.464432226235407,-1.4937552289379092
CUST_0370,42,31,4823.87,17,69.67,7,86.84,86.6,283.7570588235294,0.8045034642032334,65.79438159576621,1,Occasional Users,Advanced Data Science / AI Learning Program,1.291397809119482,-0.7862846131444969
CUST_0371,39,11,5463.13,12,10.17,7,31.78,18.25,455.2608333333333,0.5572602739726027,42.929506289107714,0,Premium Engaged Customers,Priority Customer Support Program,-0.8284392143777055,-0.9709431190050859
CUST_0372,39,54,6623.19,8,26.05,4,96.46,72.87,827.89875,0.3574859338548099,46.356209959425776,0,Premium Engaged Customers,Advanced Data Science / AI Learning Program,-0.4182900281002605,0.18811571907731114
CUST_0373,59,16,6676.59,14,12.62,0,27.72,145.62,476.8992857142857,0.08666391979123746,51.5243542840857,0,Premium Engaged Customers,Engagement Booster Program,-0.1624883018556336,-0.7076834625426923
CUST_0374,23,8,3964.62,4,25.02,9,95.63,162.81,991.155,0.1536760641238253,29.4051243842874,0,Premium Engaged Customers,Advanced Data Science / AI Learning Program,-2.2025514208860324,-0.1374720302137228
CUST_0375,32,4,5826.43,1,26.32,6,99.53,40.61,5826.43,0.648116227530165,32.74854538184185,2,Learning-Focused Customers,Advanced Data Science / AI Learning Program,-2.423869068535659,2.905163085428884
CUST_0376,60,40,5070.09,1,44.89,9,74.06,16.72,5070.09,2.6848086124401918,35.31526180360211,2,Learning-Focused Customers,Advanced Data Science / AI Learning Program,-2.1348044688506462,2.7927207650917603
CUST_0377,54,4,8907.48,19,46.21,4,98.3,158.54,468.8147368421052,0.29147218367604394,78.07188250788515,1,Occasional Users,Advanced Data Science / AI Learning Program,2.2510920592208716,-0.35806831997038036
CUST_0378,50,56,5537.52,16,88.68,7,61.26,73.15,346.095,1.2123034859876964,72.87721395910481,1,Occasional Users,Priority Customer Support Program,1.8207678712764213,-0.1858641955799261
CUST_0379,25,25,4689.81,14,55.91,8,33.36,99.81,334.9864285714286,0.560164312193167,56.61281766476451,1,Occasional Users,Priority Customer Support Program,0.2434607986556461,-0.7198304928326417
CUST_0380,22,3,4342.61,16,75.11,10,49.33,174.41,271.413125,0.43065191216099996,64.00687764189009,1,Occasional Users,Priority Customer Support Program,0.7755331848717435,-0.8293831569439942
CUST_0381,56,32,5938.06,5,19.37,6,63.42,16.65,1187.612,1.1633633633633635,37.10175602041965,0,Premium Engaged Customers,Engagement Booster Program,-1.3857840178762684,0.2621907371795196
CUST_0382,21,3,8137.78,9,30.29,6,16.58,118.46,904.1977777777778,0.25569812594968766,55.195528748194924,1,Occasional Users,Engagement Booster Program,-0.14667236450655025,0.2649993498050392
CUST_0383,23,27,5614.81,2,73.26,0,66.01,17.97,2807.405,4.076794657762939,47.54151921676737,2,Learning-Focused Customers,Starter Learning & Service Package,-0.746974568277245,1.7340935663048502
CUST_0384,49,29,6785.72,18,14.75,3,98.31,70.71,376.9844444444445,0.20859850091924764,58.602773157844936,1,Occasional Users,Advanced Data Science / AI Learning Program,0.8358020073958343,-1.032748814616917
CUST_0385,47,32,7509.63,6,53.79,1,27.11,145.67,1251.605,0.36925928468456104,55.26040906236622,1,Occasional Users,Starter Learning & Service Package,-0.12488353559374628,0.9852093073902785
CUST_0386,52,50,5441.6,9,63.94,1,81.33,80.86,604.6222222222223,0.7907494434825625,54.54074275739252,1,Occasional Users,Advanced Data Science / AI Learning Program,0.2728278923053389,0.1334693225137669
CUST_0387,57,58,4554.76,1,64.19,1,91.71,179.51,4554.76,0.3575845356804635,39.06651210613072,2,Learning-Focused Customers,Advanced Data Science / AI Learning Program,-1.780875928190044,2.8143607222373155
CUST_0388,33,51,8828.32,9,12.06,3,94.93,102.84,980.9244444444444,0.11726954492415402,52.46787054402723,1,Occasional Users,Advanced Data Science / AI Learning Program,0.04526055099672142,0.4906624756050633
CUST_0389,30,19,4466.31,16,38.99,0,96.41,61.2,279.144375,0.6370915032679738,53.62137113267976,1,Occasional Users,Advanced Data Science / AI Learning Program,0.4205969654358772,-1.2603341256783058
CUST_0390,59,21,4888.46,13,67.28,3,56.93,43.52,376.0353846153846,1.5459558823529411,59.33294852387694,1,Occasional Users,Starter Learning & Service Package,0.667394918825869,-0.5421186018107087
CUST_0391,47,5,9908.24,9,23.41,1,97.96,66.34,1100.9155555555556,0.3528791076273741,60.209222430741974,1,Occasional Users,Advanced Data Science / AI Learning Program,0.6666873134801692,0.5863795402751505
CUST_0392,36,18,502.26,13,72.59,4,78.16,70.19,38.635384615384616,1.0341929049722183,43.376927586866984,0,Premium Engaged Customers,Advanced Data Science / AI Learning Program,-0.5860167914196042,-1.5689090661161023
CUST_0393,34,28,2261.99,9,77.13,2,24.55,17.02,251.33222222222219,4.531727379553466,45.78777932849886,0,Premium Engaged Customers,Starter Learning & Service Package,-0.5618596692917287,-0.7436649039795968
CUST_0394,36,42,4147.66,11,98.38,7,52.92,69.68,377.06,1.4118828932261767,62.73633848425628,1,Occasional Users,Priority Customer Support Program,0.8260849213374882,-0.07178926051611569
CUST_0395,45,22,9359.6,4,28.89,3,74.65,86.24,2339.9,0.3349953617810761,52.16408229246592,2,Learning-Focused Customers,Advanced Data Science / AI Learning Program,-0.3680710309204562,1.7085540646574446
CUST_0396,43,21,1165.28,2,84.26,0,32.26,131.48,582.64,0.6408579251597202,33.0460501585206,0,Premium Engaged Customers,Starter Learning & Service Package,-1.913850820291911,-0.12106301616647676
CUST_0397,54,6,590.11,6,56.83,0,67.66,119.93,98.35166666666667,0.47385975152172094,28.48107887414476,0,Premium Engaged Customers,Starter Learning & Service Package,-2.0241392583414006,-1.17690302295586
CUST_0398,43,1,1000.5,14,43.61,9,69.99,129.03,71.46428571428571,0.3379834147097574,38.14131986830054,0,Premium Engaged Customers,Priority Customer Support Program,-1.2041707074113621,-1.8239430087474393
CUST_0399,40,5,1341.16,4,21.01,2,24.64,6.46,335.29,3.252321981424149,17.69688460227784,0,Premium Engaged Customers,Engagement Booster Program,-2.9963462958588254,-1.2232378560598423
CUST_0400,26,41,857.17,6,76.2,8,60.86,43.09,142.86166666666665,1.7683917382223253,35.38489836153313,0,Premium Engaged Customers,Priority Customer Support Program,-1.4384955810331042,-0.7494772787731346
CUST_0401,29,12,5057.92,19,31.23,6,79.45,120.79,266.2063157894737,0.2585478930375031,58.15168092473766,1,Occasional Users,Advanced Data Science / AI Learning Program,0.6188822172867349,-1.3938839147775428
CUST_0402,18,26,6017.19,6,43.43,1,54.9,89.7,1002.8649999999999,0.48416945373467113,46.166186117199544,0,Premium Engaged Customers,Starter Learning & Service Package,-0.681612363159784,0.31071713809334367
CUST_0403,18,46,3081.03,2,15.63,8,11.09,5.93,1540.515,2.6357504215851604,20.039995705269455,0,Premium Engaged Customers,Priority Customer Support Program,-3.0659312314916987,0.12083147328445643
CUST_0404,51,34,4283.73,18,82.12,9,10.81,145.79,237.98499999999999,0.5632759448521847,68.88287074073301,1,Occasional Users,Priority Customer Support Program,1.2103902360522882,-0.7397041405314958
CUST_0405,49,49,1371.14,13,78.99,1,42.13,140.24,105.4723076923077,0.5632487164860239,48.782487275282215,0,Premium Engaged Customers,Starter Learning & Service Package,-0.26740241814077403,-1.0336208060606398
CUST_0406,42,14,3695.52,9,76.03,2,93.36,100.97,410.61333333333334,0.7529959393879371,51.194063671109724,0,Premium Engaged Customers,Advanced Data Science / AI Learning Program,-0.049637285292265326,-0.39782148222352104
CUST_0407,57,26,5463.93,19,36.95,10,30.58,16.63,287.57526315789477,2.2218881539386652,61.499783262645735,1,Occasional Users,Priority Customer Support Program,0.8459177836095149,-1.1824018446354816
CUST_0408,18,45,7456.58,13,25.61,9,67.09,139.14,573.5830769230769,0.18405922092856117,57.05927459472166,1,Occasional Users,Priority Customer Support Program,0.31313968058561703,-0.1332405684008688
CUST_0409,33,27,531.79,11,67.38,1,29.99,107.15,48.344545454545454,0.6288380774615024,38.9256854749081,0,Premium Engaged Customers,Starter Learning & Service Package,-1.147672462643146,-1.378380313806001
CUST_0410,56,9,4939.45,1,54.65,2,38.95,141.84,4939.45,0.38529328821206993,37.73243497694953,2,Learning-Focused Customers,Starter Learning & Service Package,-2.1733690002793002,2.698630783451109
CUST_0411,22,26,3321.53,7,26.04,5,86.32,136.56,474.50428571428574,0.1906854130052724,31.63844374991882,0,Premium Engaged Customers,Advanced Data Science / AI Learning Program,-1.791308728159354,-0.7013729969334401
CUST_0412,39,57,8601.81,15,71.73,8,75.6,145.53,573.454,0.4928880643166358,78.53597014832796,1,Occasional Users,Advanced Data Science / AI Learning Program,2.1682345108791896,0.5144244570707213
CUST_0413,46,47,7297.76,1,99.2,8,18.59,95.65,7297.76,1.0371144798745426,60.59149263535952,2,Learning-Focused Customers,Premium Membership & Advanced Services,-0.6470242667655712,5.10192816347201
CUST_0414,20,57,6096.53,12,77.25,6,48.58,29.56,508.0441666666666,2.6133288227334237,65.67151095236778,1,Occasional Users,Starter Learning & Service Package,1.1532420100571956,0.12025700654646128
CUST_0415,29,22,3134.02,7,76.6,2,12.63,122.45,447.71714285714285,0.6255614536545528,46.118387766200506,0,Premium Engaged Customers,Starter Learning & Service Package,-0.802413055582102,-0.2538636557310153
CUST_0416,43,47,9148.22,15,95.53,3,53.28,113.58,609.8813333333333,0.8410811762634267,87.89234747329357,1,Occasional Users,Premium Membership & Advanced Services,2.947795877436437,0.7795350957220579
CUST_0417,33,56,928.46,19,28.26,5,69.62,134.89,48.86631578947369,0.20950404032915712,40.729024600620804,0,Premium Engaged Customers,Engagement Booster Program,-0.7322443476297034,-2.094972181402946
CUST_0418,54,30,1539.94,1,60.9,10,20.67,34.73,1539.94,1.7535272099049815,26.00875979934218,0,Premium Engaged Customers,Priority Customer Support Program,-2.66330811065845,0.3417485589877979
CUST_0419,39,43,4220.49,17,98.17,4,36.0,39.12,248.2641176470588,2.5094580777096116,71.96457810124033,1,Occasional Users,Starter Learning & Service Package,1.7559196037777767,-0.613252157391942
CUST_0420,46,48,1682.16,17,24.88,1,45.81,160.82,98.95058823529412,0.1547071259793558,39.72750230957301,0,Premium Engaged Customers,Engagement Booster Program,-0.9337486736636598,-1.8244458396853387
CUST_0421,31,17,9585.95,3,73.02,5,92.76,136.25,3195.316666666667,0.5359266055045872,64.86354191339935,2,Learning-Focused Customers,Advanced Data Science / AI Learning Program,0.4782385976142241,2.74887807377638
CUST_0422,45,26,8080.9,12,62.72,2,99.39,163.94,673.4083333333333,0.3825789923142613,69.236922082871,1,Occasional Users,Advanced Data Science / AI Learning Program,1.4143017260057036,0.39215474032352826
CUST_0423,22,36,2960.34,6,62.78,7,14.04,137.78,493.39000000000004,0.4556539410654667,39.76017236487009,0,Premium Engaged Customers,Priority Customer Support Program,-1.4107319985764561,-0.21115808969811542
CUST_0424,47,1,6091.27,11,72.79,1,78.49,109.5,553.7518181818182,0.6647488584474887,62.80694964149498,1,Occasional Users,Advanced Data Science / AI Learning Program,0.853528986600563,-0.08777316440597922
CUST_0425,22,8,9832.14,3,93.67,0,43.46,119.47,3277.3799999999997,0.7840462040679669,72.06941099419137,2,Learning-Focused Customers,Premium Membership & Advanced Services,0.962695444458984,2.9596354721708007
CUST_0426,29,49,8899.89,8,80.43,8,45.32,160.6,1112.48625,0.5008094645080947,71.84976773730837,1,Occasional Users,Premium Membership & Advanced Services,1.2588711253982428,1.444582002011075
CUST_0427,33,35,6207.59,14,15.05,2,77.88,106.29,443.3992857142857,0.14159375294006962,50.37920291734695,0,Premium Engaged Customers,Advanced Data Science / AI Learning Program,-0.02733994255587059,-0.7585590243644427
CUST_0428,43,52,9085.38,14,86.75,10,92.66,115.67,648.9557142857142,0.7499783867900061,83.49598918360837,1,Occasional Users,Advanced Data Science / AI Learning Program,2.602779949801708,0.8354442581991401
CUST_0429,43,15,9897.26,10,30.3,0,95.58,32.38,989.726,0.935762816553428,63.740785036610326,1,Occasional Users,Advanced Data Science / AI Learning Program,1.0620808091629859,0.5356743907623972
CUST_0430,38,47,7561.85,2,43.92,6,61.94,87.94,3780.925,0.4994314305208097,46.49622731415629,2,Learning-Focused Customers,Starter Learning & Service Package,-1.1133498199416276,2.5864128970802347
CUST_0431,56,56,1117.37,14,51.56,9,42.14,130.37,79.81214285714285,0.3954897599140907,41.003905834270206,0,Premium Engaged Customers,Priority Customer Support Program,-0.9602833525762451,-1.3638715063002562
CUST_0432,53,22,4315.01,9,53.28,4,80.88,52.41,479.4455555555556,1.016599885518031,46.82044837273233,0,Premium Engaged Customers,Advanced Data Science / AI Learning Program,-0.3983212957316961,-0.4401494754587016
CUST_0433,50,14,8459.34,3,49.17,4,32.59,40.39,2819.78,1.2173805397375588,53.169876988575815,2,Learning-Focused Customers,Starter Learning & Service Package,-0.48111979885737116,2.0048424209812814
CUST_0434,47,26,2690.41,8,94.36,0,60.77,59.92,336.30125,1.574766355140187,51.19279232307559,0,Premium Engaged Customers,Starter Learning & Service Package,-0.06421193971475125,-0.3394132601216928
CUST_0435,54,28,8391.1,16,73.54,8,42.27,47.26,524.44375,1.5560727888277615,79.7378477920336,1,Occasional Users,Premium Membership & Advanced Services,2.266819760989695,0.15460360191083555
CUST_0436,40,23,1643.22,2,66.81,6,69.1,42.61,821.61,1.5679417977000705,29.702432837692456,0,Premium Engaged Customers,Starter Learning & Service Package,-2.0515620451844563,-0.12965633219372777
CUST_0437,27,14,945.98,6,14.49,7,31.64,79.35,157.66333333333333,0.18260869565217394,17.15114082818213,0,Premium Engaged Customers,Priority Customer Support Program,-3.10891289936991,-1.4778544728342615
CUST_0438,22,24,4148.86,12,91.35,8,27.24,163.87,345.7383333333333,0.5574540794532251,62.123458935024175,1,Occasional Users,Priority Customer Support Program,0.5330201996949309,-0.2521881425317844
CUST_0439,53,2,848.95,5,91.85,5,92.64,93.74,169.79000000000002,0.9798378493705995,38.56632690867613,0,Premium Engaged Customers,Advanced Data Science / AI Learning Program,-1.1931234517827245,-0.6771505293915558
CUST_0440,51,45,9594.07,2,80.22,4,19.16,37.89,4797.035,2.117181314330958,65.56493432745394,2,Learning-Focused Customers,Premium Membership & Advanced Services,0.2583563551500136,3.868888688610057
CUST_0441,48,26,8348.95,16,10.63,5,55.54,18.47,521.809375,0.5755278830536005,60.61844634680199,1,Occasional Users,Engagement Booster Program,0.8341455793097998,-0.5749443927364166
CUST_0442,27,14,8107.31,5,15.16,10,29.88,126.83,1621.462,0.11953007963415596,44.51588735318811,0,Premium Engaged Customers,Priority Customer Support Program,-1.2007188465161152,0.8884527330276188
CUST_0443,36,59,6482.89,15,30.27,1,13.5,71.99,432.1926666666667,0.42047506598138634,57.56587713999885,1,Occasional Users,Engagement Booster Program,0.4723267007465361,-0.499911922725222
CUST_0444,49,56,2555.08,12,21.82,3,13.24,148.82,212.92333333333332,0.14662007794651258,34.79954822314119,0,Premium Engaged Customers,Engagement Booster Program,-1.5627131316300922,-1.1799289444107335
CUST_0445,18,51,5423.47,4,45.9,2,25.77,120.41,1355.8675,0.3811975749522465,41.53389765249994,0,Premium Engaged Customers,Starter Learning & Service Package,-1.2586137851883317,0.7494703671292842
CUST_0446,22,7,6174.1,15,93.04,6,88.01,144.34,411.6066666666667,0.6445891644727727,75.23848323812683,1,Occasional Users,Advanced Data Science / AI Learning Program,1.8890671148149927,-0.17259799542592108
CUST_0447,21,3,5487.8,11,52.49,8,35.42,52.59,498.89090909090913,0.9980984978132724,54.27651481423591,0,Premium Engaged Customers,Priority Customer Support Program,-0.0025710032587002015,-0.46224805234311933
CUST_0448,33,47,2972.22,16,11.21,4,95.54,126.16,185.76375,0.088855421686747,39.273029321899415,0,Premium Engaged Customers,Advanced Data Science / AI Learning Program,-0.8333384404375502,-1.6388338567480298
CUST_0449,41,23,5394.86,6,35.45,5,62.35,51.21,899.1433333333333,0.6922476078890842,41.27148092686314,0,Premium Engaged Customers,Engagement Booster Program,-1.045381006418385,0.045463355732318196
CUST_0450,33,46,5166.27,14,14.01,9,49.3,169.34,369.01928571428573,0.08273296326916263,45.89807939785642,0,Premium Engaged Customers,Priority Customer Support Program,-0.6467010331561587,-0.8364790191837143
CUST_0451,19,43,9965.19,18,13.27,1,62.21,116.37,553.6216666666667,0.11403282632981009,70.8826388393336,1,Occasional Users,Engagement Booster Program,1.6804127477588313,-0.227121399129639
CUST_0452,45,47,9025.64,12,34.81,2,56.5,61.79,752.1366666666667,0.5633597669525814,64.6107331602578,1,Occasional Users,Engagement Booster Program,1.0668004683192116,0.37565936040244
CUST_0453,49,60,4902.12,11,34.81,2,78.29,52.16,445.6472727272727,0.6673696319018406,46.60651957311529,0,Premium Engaged Customers,Advanced Data Science / AI Learning Program,-0.2749511193441602,-0.47564362909888463
CUST_0454,44,45,6417.91,13,80.84,8,35.42,38.41,493.6853846153846,2.1046602447279357,69.53925462548494,1,Occasional Users,Priority Customer Support Program,1.390451391813651,0.12460154009784657
CUST_0455,37,18,7604.78,11,97.74,6,41.77,126.56,691.3436363636364,0.7722819216182047,76.38052394665354,1,Occasional Users,Premium Membership & Advanced Services,1.7536214169137199,0.6958448700539599
CUST_0456,41,58,831.22,16,43.41,7,90.47,43.28,51.95125,1.0030036968576708,40.40353684843988,0,Premium Engaged Customers,Advanced Data Science / AI Learning Program,-0.6499718358606005,-1.7923206829957585
CUST_0457,29,38,9001.75,15,48.6,10,95.18,109.18,600.1166666666667,0.4451364718812969,73.16914597963994,1,Occasional Users,Advanced Data Science / AI Learning Program,1.7785519807014414,0.2173386344653088
CUST_0458,52,35,8671.2,15,86.03,9,90.33,51.31,578.08,1.6766712141882674,83.12136208665962,1,Occasional Users,Advanced Data Science / AI Learning Program,2.668506205609516,0.47527255593855194
CUST_0459,50,51,4845.6,4,34.13,10,47.75,120.84,1211.4,0.28243958953988746,35.6754608313539,0,Premium Engaged Customers,Priority Customer Support Program,-1.7491852054140948,0.5197107584602259
CUST_0460,50,15,4216.11,11,24.07,8,80.23,147.61,383.28272727272724,0.1630648330058939,40.62552911262994,0,Premium Engaged Customers,Advanced Data Science / AI Learning Program,-1.0510892282977287,-0.8892454536770414
CUST_0461,60,25,3093.11,19,86.78,5,52.87,141.15,162.79526315789474,0.6148069429684733,67.02122017860226,1,Occasional Users,Starter Learning & Service Package,1.2784710158199495,-1.1330439005638624
CUST_0462,54,55,5028.43,15,14.19,3,54.78,138.15,335.2286666666667,0.10271444082519,46.90060296630526,0,Premium Engaged Customers,Engagement Booster Program,-0.3696540202295038,-0.9477664251372374
CUST_0463,29,37,921.58,4,65.77,0,28.42,37.85,230.395,1.7376486129458386,29.50081493465042,0,Premium Engaged Customers,Starter Learning & Service Package,-1.9675582410825079,-0.7120274471078282
CUST_0464,20,28,8595.84,13,60.58,7,63.2,20.47,661.2184615384615,2.9594528578407426,72.15330451605992,1,Occasional Users,Priority Customer Support Program,1.6799506428722308,0.2785894851890438
CUST_0465,18,10,836.51,19,41.13,6,26.75,127.32,44.02684210526316,0.32304429783223376,44.237893903285986,0,Premium Engaged Customers,Starter Learning & Service Package,-0.6856848687779952,-2.25757637345613
CUST_0466,50,39,3625.99,2,38.37,1,39.84,69.46,1812.995,0.5524042614454362,29.071260299260032,0,Premium Engaged Customers,Engagement Booster Program,-2.264040194145631,0.614572606846829
CUST_0467,57,57,9350.1,14,79.47,7,86.95,80.66,667.8642857142858,0.9852467146045129,82.36252847118399,1,Occasional Users,Advanced Data Science / AI Learning Program,2.5936783302084456,0.8190413366764385
CUST_0468,27,17,7484.52,4,17.78,4,28.64,10.45,1871.13,1.7014354066985649,41.31243270826868,0,Premium Engaged Customers,Engagement Booster Program,-1.2697112801149169,0.8653643803169427
CUST_0469,60,39,3173.21,16,31.31,6,16.4,50.43,198.325625,0.6208605988498909,46.13230803821992,0,Premium Engaged Customers,Engagement Booster Program,-0.475113251295611,-1.4300091662206464
CUST_0470,46,22,2900.17,20,75.92,3,16.21,10.89,145.0085,6.971533516988062,64.47757323438402,1,Occasional Users,Starter Learning & Service Package,1.172021195421908,-1.5296411694996153
CUST_0471,30,26,548.28,14,59.35,4,94.67,158.86,39.16285714285714,0.37359939569432205,41.07276843722582,0,Premium Engaged Customers,Advanced Data Science / AI Learning Program,-0.8053879979418314,-1.6516541344383537
CUST_0472,29,44,7109.29,15,21.52,7,55.62,47.59,473.9526666666667,0.4521958394620718,57.437209715667926,1,Occasional Users,Priority Customer Support Program,0.5179979297074087,-0.5385448720206916
CUST_0473,48,25,963.44,3,89.39,0,46.85,102.53,321.1466666666667,0.871842387593875,35.2835300120182,0,Premium Engaged Customers,Starter Learning & Service Package,-1.5769928290874824,-0.32710692183135304
CUST_0474,19,17,5559.72,8,45.41,0,82.98,11.82,694.965,3.841793570219966,47.93162730684589,0,Premium Engaged Customers,Advanced Data Science / AI Learning Program,-0.2536551939924785,-0.21913058334804356
CUST_0475,52,13,9640.16,16,84.51,3,85.22,121.7,602.51,0.6944124897288414,88.04170601757613,1,Occasional Users,Advanced Data Science / AI Learning Program,3.0179782133281514,0.4936024556985188
CUST_0476,40,20,1539.95,10,80.89,2,39.9,61.53,153.995,1.3146432634487242,45.53048874850809,0,Premium Engaged Customers,Starter Learning & Service Package,-0.5732556120238677,-0.9788122939547126
CUST_0477,34,25,8997.56,4,66.2,9,72.43,162.14,2249.39,0.408289132848156,61.95411280487861,2,Learning-Focused Customers,Advanced Data Science / AI Learning Program,0.24427131854129033,2.0893370082515563
CUST_0478,43,4,9919.02,18,54.5,1,79.4,160.42,551.0566666666667,0.33973320034908366,83.11776705503064,1,Occasional Users,Advanced Data Science / AI Learning Program,2.60445746137577,0.02476735497154719
CUST_0479,25,10,1084.41,2,98.16,2,68.92,61.93,542.205,1.585015339899887,36.90953880605877,0,Premium Engaged Customers,Starter Learning & Service Package,-1.427991877255832,-0.17010982511109987
CUST_0480,46,3,8887.61,17,23.05,10,23.64,162.67,522.8005882352942,0.14169791602631096,68.01574960046857,1,Occasional Users,Priority Customer Support Program,1.0356334778779004,-0.3675090973449782
CUST_0481,43,41,5402.75,13,75.26,10,88.83,179.33,415.59615384615387,0.4196732281269169,63.79522820495065,1,Occasional Users,Advanced Data Science / AI Learning Program,0.8794678896599177,-0.07247950464682051
CUST_0482,27,45,9111.88,4,27.21,10,58.52,149.45,2277.97,0.182067581130813,50.66651861123943,2,Learning-Focused Customers,Priority Customer Support Program,-0.6846114711752902,1.8335309074197832
CUST_0483,43,18,5927.53,11,40.44,0,35.42,152.85,538.8663636363636,0.26457311089303237,52.40663293630398,0,Premium Engaged Customers,Starter Learning & Service Package,-0.15060798945569973,-0.3163055525871453
CUST_0484,51,47,6790.06,7,37.78,0,48.27,48.58,970.0085714285715,0.7776862906545904,49.05758734185915,0,Premium Engaged Customers,Engagement Booster Program,-0.3213106698709093,0.43516826699713285
CUST_0485,58,36,5665.9,12,95.23,5,13.38,105.92,472.1583333333333,0.8990747734138973,69.36413912173603,1,Occasional Users,Starter Learning & Service Package,1.2165471559151018,0.20425125739322397
CUST_0486,24,47,8712.68,10,97.06,4,21.51,16.77,871.268,5.787716159809183,79.11000677741768,1,Occasional Users,Premium Membership & Advanced Services,2.096515745534581,1.1242218428181725
CUST_0487,21,22,7472.14,7,26.47,7,78.9,21.61,1067.4485714285715,1.2248958815363258,48.38061498839512,0,Premium Engaged Customers,Advanced Data Science / AI Learning Program,-0.4017180690788174,0.33176408947510605
CUST_0488,28,34,5451.97,13,11.98,1,10.0,179.81,419.38230769230773,0.0666258828763695,44.93007432871646,0,Premium Engaged Customers,Engagement Booster Program,-0.8107037906830014,-0.8024687923512569
CUST_0489,46,47,8747.53,7,74.8,3,47.49,62.16,1249.6471428571429,1.2033462033462035,68.04399990227397,1,Occasional Users,Premium Membership & Advanced Services,1.1242527354530725,1.38532380097049
CUST_0490,53,8,2830.21,17,47.62,7,57.03,135.93,166.4829411764706,0.350327374383874,51.17260900261241,0,Premium Engaged Customers,Priority Customer Support Program,-0.09647665320692339,-1.5388443275833763
CUST_0491,42,40,1994.74,10,18.0,5,14.92,146.17,199.474,0.12314428405281523,28.406093239029666,0,Premium Engaged Customers,Engagement Booster Program,-2.1770591099746928,-1.281106579266299
CUST_0492,38,49,2023.8,10,71.54,0,97.58,155.15,202.38,0.46110215920077346,44.65052996802513,0,Premium Engaged Customers,Advanced Data Science / AI Learning Program,-0.5028997587352096,-0.7274970895212443
CUST_0493,53,44,3673.08,4,59.06,3,30.35,179.58,918.27,0.3288784942643947,38.49228949257844,0,Premium Engaged Customers,Starter Learning & Service Package,-1.5365008660607893,0.3651696143237244
CUST_0494,27,19,2767.56,20,98.25,0,37.38,47.26,138.378,2.078925095217943,70.67338631791995,1,Occasional Users,Starter Learning & Service Package,1.7295665833087615,-1.3628346127891888
CUST_0495,54,42,9335.86,4,30.47,1,37.35,12.06,2333.965,2.5265339966832503,52.545015351947434,2,Learning-Focused Customers,Engagement Booster Program,-0.2903643699487591,1.7739542128586587
CUST_0496,26,41,1505.42,7,46.36,4,30.74,76.96,215.06,0.6023908523908524,30.49063713904352,0,Premium Engaged Customers,Starter Learning & Service Package,-1.914671008112196,-0.9461522452374371
CUST_0497,41,37,7140.41,1,58.83,7,10.13,27.76,7140.41,2.119236311239193,47.80084642228386,2,Learning-Focused Customers,Priority Customer Support Program,-1.6066618936048966,4.4361463929984595
CUST_0498,52,6,2297.6,12,81.25,7,75.64,8.92,191.46666666666667,9.108744394618833,51.67139530308822,0,Premium Engaged Customers,Advanced Data Science / AI Learning Program,0.06542887768616386,-1.0520500589366382
CUST_0499,52,52,8875.55,13,59.4,10,97.02,68.07,682.7346153846154,0.8726311150286471,72.91737453063878,1,Occasional Users,Advanced Data Science / AI Learning Program,1.7985984106892985,0.568383690820411
CUST_0500,53,26,9632.5,10,65.16,2,30.19,142.15,963.25,0.4583890256771016,73.18214870927436,1,Occasional Users,Starter Learning & Service Package,1.4549867174165003,1.0474163654854103
